2024-11-04 12:48:34,432 - INFO - [31m[1mWARNING: This is a development server. Do not use it in a production deployment. Use a production WSGI server instead.[0m
 * Running on http://127.0.0.1:5000
2024-11-04 12:48:34,432 - INFO - [33mPress CTRL+C to quit[0m
2024-11-04 12:50:47,719 - ERROR - AuthMetadataPluginCallback "<google.auth.transport.grpc.AuthMetadataPlugin object at 0x11a79a0d0>" raised exception!
Traceback (most recent call last):
  File "/Users/Gabriel/DataHub/rag_app_cofares/Web_Cofares/.venv/lib/python3.11/site-packages/grpc/_plugin_wrapping.py", line 105, in __call__
    self._metadata_plugin(
  File "/Users/Gabriel/DataHub/rag_app_cofares/Web_Cofares/.venv/lib/python3.11/site-packages/google/auth/transport/grpc.py", line 95, in __call__
    callback(self._get_authorization_headers(context), None)
             ^^^^^^^^^^^^^^^^^^^^^^^^^^^^^^^^^^^^^^^^
  File "/Users/Gabriel/DataHub/rag_app_cofares/Web_Cofares/.venv/lib/python3.11/site-packages/google/auth/transport/grpc.py", line 81, in _get_authorization_headers
    self._credentials.before_request(
  File "/Users/Gabriel/DataHub/rag_app_cofares/Web_Cofares/.venv/lib/python3.11/site-packages/google/auth/credentials.py", line 239, in before_request
    self._blocking_refresh(request)
  File "/Users/Gabriel/DataHub/rag_app_cofares/Web_Cofares/.venv/lib/python3.11/site-packages/google/auth/credentials.py", line 202, in _blocking_refresh
    self.refresh(request)
  File "/Users/Gabriel/DataHub/rag_app_cofares/Web_Cofares/.venv/lib/python3.11/site-packages/google/oauth2/credentials.py", line 409, in refresh
    ) = reauth.refresh_grant(
        ^^^^^^^^^^^^^^^^^^^^^
  File "/Users/Gabriel/DataHub/rag_app_cofares/Web_Cofares/.venv/lib/python3.11/site-packages/google/oauth2/reauth.py", line 349, in refresh_grant
    raise exceptions.RefreshError(
google.auth.exceptions.RefreshError: Reauthentication is needed. Please run `gcloud auth application-default login` to reauthenticate.
2024-11-04 12:50:47,903 - ERROR - AuthMetadataPluginCallback "<google.auth.transport.grpc.AuthMetadataPlugin object at 0x11a79a0d0>" raised exception!
Traceback (most recent call last):
  File "/Users/Gabriel/DataHub/rag_app_cofares/Web_Cofares/.venv/lib/python3.11/site-packages/grpc/_plugin_wrapping.py", line 105, in __call__
    self._metadata_plugin(
  File "/Users/Gabriel/DataHub/rag_app_cofares/Web_Cofares/.venv/lib/python3.11/site-packages/google/auth/transport/grpc.py", line 95, in __call__
    callback(self._get_authorization_headers(context), None)
             ^^^^^^^^^^^^^^^^^^^^^^^^^^^^^^^^^^^^^^^^
  File "/Users/Gabriel/DataHub/rag_app_cofares/Web_Cofares/.venv/lib/python3.11/site-packages/google/auth/transport/grpc.py", line 81, in _get_authorization_headers
    self._credentials.before_request(
  File "/Users/Gabriel/DataHub/rag_app_cofares/Web_Cofares/.venv/lib/python3.11/site-packages/google/auth/credentials.py", line 239, in before_request
    self._blocking_refresh(request)
  File "/Users/Gabriel/DataHub/rag_app_cofares/Web_Cofares/.venv/lib/python3.11/site-packages/google/auth/credentials.py", line 202, in _blocking_refresh
    self.refresh(request)
  File "/Users/Gabriel/DataHub/rag_app_cofares/Web_Cofares/.venv/lib/python3.11/site-packages/google/oauth2/credentials.py", line 409, in refresh
    ) = reauth.refresh_grant(
        ^^^^^^^^^^^^^^^^^^^^^
  File "/Users/Gabriel/DataHub/rag_app_cofares/Web_Cofares/.venv/lib/python3.11/site-packages/google/oauth2/reauth.py", line 349, in refresh_grant
    raise exceptions.RefreshError(
google.auth.exceptions.RefreshError: Reauthentication is needed. Please run `gcloud auth application-default login` to reauthenticate.
2024-11-04 12:50:48,031 - ERROR - AuthMetadataPluginCallback "<google.auth.transport.grpc.AuthMetadataPlugin object at 0x11a79a0d0>" raised exception!
Traceback (most recent call last):
  File "/Users/Gabriel/DataHub/rag_app_cofares/Web_Cofares/.venv/lib/python3.11/site-packages/grpc/_plugin_wrapping.py", line 105, in __call__
    self._metadata_plugin(
  File "/Users/Gabriel/DataHub/rag_app_cofares/Web_Cofares/.venv/lib/python3.11/site-packages/google/auth/transport/grpc.py", line 95, in __call__
    callback(self._get_authorization_headers(context), None)
             ^^^^^^^^^^^^^^^^^^^^^^^^^^^^^^^^^^^^^^^^
  File "/Users/Gabriel/DataHub/rag_app_cofares/Web_Cofares/.venv/lib/python3.11/site-packages/google/auth/transport/grpc.py", line 81, in _get_authorization_headers
    self._credentials.before_request(
  File "/Users/Gabriel/DataHub/rag_app_cofares/Web_Cofares/.venv/lib/python3.11/site-packages/google/auth/credentials.py", line 239, in before_request
    self._blocking_refresh(request)
  File "/Users/Gabriel/DataHub/rag_app_cofares/Web_Cofares/.venv/lib/python3.11/site-packages/google/auth/credentials.py", line 202, in _blocking_refresh
    self.refresh(request)
  File "/Users/Gabriel/DataHub/rag_app_cofares/Web_Cofares/.venv/lib/python3.11/site-packages/google/oauth2/credentials.py", line 409, in refresh
    ) = reauth.refresh_grant(
        ^^^^^^^^^^^^^^^^^^^^^
  File "/Users/Gabriel/DataHub/rag_app_cofares/Web_Cofares/.venv/lib/python3.11/site-packages/google/oauth2/reauth.py", line 349, in refresh_grant
    raise exceptions.RefreshError(
google.auth.exceptions.RefreshError: Reauthentication is needed. Please run `gcloud auth application-default login` to reauthenticate.
2024-11-04 12:50:48,195 - ERROR - AuthMetadataPluginCallback "<google.auth.transport.grpc.AuthMetadataPlugin object at 0x11a79a0d0>" raised exception!
Traceback (most recent call last):
  File "/Users/Gabriel/DataHub/rag_app_cofares/Web_Cofares/.venv/lib/python3.11/site-packages/grpc/_plugin_wrapping.py", line 105, in __call__
    self._metadata_plugin(
  File "/Users/Gabriel/DataHub/rag_app_cofares/Web_Cofares/.venv/lib/python3.11/site-packages/google/auth/transport/grpc.py", line 95, in __call__
    callback(self._get_authorization_headers(context), None)
             ^^^^^^^^^^^^^^^^^^^^^^^^^^^^^^^^^^^^^^^^
  File "/Users/Gabriel/DataHub/rag_app_cofares/Web_Cofares/.venv/lib/python3.11/site-packages/google/auth/transport/grpc.py", line 81, in _get_authorization_headers
    self._credentials.before_request(
  File "/Users/Gabriel/DataHub/rag_app_cofares/Web_Cofares/.venv/lib/python3.11/site-packages/google/auth/credentials.py", line 239, in before_request
    self._blocking_refresh(request)
  File "/Users/Gabriel/DataHub/rag_app_cofares/Web_Cofares/.venv/lib/python3.11/site-packages/google/auth/credentials.py", line 202, in _blocking_refresh
    self.refresh(request)
  File "/Users/Gabriel/DataHub/rag_app_cofares/Web_Cofares/.venv/lib/python3.11/site-packages/google/oauth2/credentials.py", line 409, in refresh
    ) = reauth.refresh_grant(
        ^^^^^^^^^^^^^^^^^^^^^
  File "/Users/Gabriel/DataHub/rag_app_cofares/Web_Cofares/.venv/lib/python3.11/site-packages/google/oauth2/reauth.py", line 349, in refresh_grant
    raise exceptions.RefreshError(
google.auth.exceptions.RefreshError: Reauthentication is needed. Please run `gcloud auth application-default login` to reauthenticate.
2024-11-04 12:50:48,323 - ERROR - AuthMetadataPluginCallback "<google.auth.transport.grpc.AuthMetadataPlugin object at 0x11a79a0d0>" raised exception!
Traceback (most recent call last):
  File "/Users/Gabriel/DataHub/rag_app_cofares/Web_Cofares/.venv/lib/python3.11/site-packages/grpc/_plugin_wrapping.py", line 105, in __call__
    self._metadata_plugin(
  File "/Users/Gabriel/DataHub/rag_app_cofares/Web_Cofares/.venv/lib/python3.11/site-packages/google/auth/transport/grpc.py", line 95, in __call__
    callback(self._get_authorization_headers(context), None)
             ^^^^^^^^^^^^^^^^^^^^^^^^^^^^^^^^^^^^^^^^
  File "/Users/Gabriel/DataHub/rag_app_cofares/Web_Cofares/.venv/lib/python3.11/site-packages/google/auth/transport/grpc.py", line 81, in _get_authorization_headers
    self._credentials.before_request(
  File "/Users/Gabriel/DataHub/rag_app_cofares/Web_Cofares/.venv/lib/python3.11/site-packages/google/auth/credentials.py", line 239, in before_request
    self._blocking_refresh(request)
  File "/Users/Gabriel/DataHub/rag_app_cofares/Web_Cofares/.venv/lib/python3.11/site-packages/google/auth/credentials.py", line 202, in _blocking_refresh
    self.refresh(request)
  File "/Users/Gabriel/DataHub/rag_app_cofares/Web_Cofares/.venv/lib/python3.11/site-packages/google/oauth2/credentials.py", line 409, in refresh
    ) = reauth.refresh_grant(
        ^^^^^^^^^^^^^^^^^^^^^
  File "/Users/Gabriel/DataHub/rag_app_cofares/Web_Cofares/.venv/lib/python3.11/site-packages/google/oauth2/reauth.py", line 349, in refresh_grant
    raise exceptions.RefreshError(
google.auth.exceptions.RefreshError: Reauthentication is needed. Please run `gcloud auth application-default login` to reauthenticate.
2024-11-04 12:50:48,617 - ERROR - AuthMetadataPluginCallback "<google.auth.transport.grpc.AuthMetadataPlugin object at 0x11a79a0d0>" raised exception!
Traceback (most recent call last):
  File "/Users/Gabriel/DataHub/rag_app_cofares/Web_Cofares/.venv/lib/python3.11/site-packages/grpc/_plugin_wrapping.py", line 105, in __call__
    self._metadata_plugin(
  File "/Users/Gabriel/DataHub/rag_app_cofares/Web_Cofares/.venv/lib/python3.11/site-packages/google/auth/transport/grpc.py", line 95, in __call__
    callback(self._get_authorization_headers(context), None)
             ^^^^^^^^^^^^^^^^^^^^^^^^^^^^^^^^^^^^^^^^
  File "/Users/Gabriel/DataHub/rag_app_cofares/Web_Cofares/.venv/lib/python3.11/site-packages/google/auth/transport/grpc.py", line 81, in _get_authorization_headers
    self._credentials.before_request(
  File "/Users/Gabriel/DataHub/rag_app_cofares/Web_Cofares/.venv/lib/python3.11/site-packages/google/auth/credentials.py", line 239, in before_request
    self._blocking_refresh(request)
  File "/Users/Gabriel/DataHub/rag_app_cofares/Web_Cofares/.venv/lib/python3.11/site-packages/google/auth/credentials.py", line 202, in _blocking_refresh
    self.refresh(request)
  File "/Users/Gabriel/DataHub/rag_app_cofares/Web_Cofares/.venv/lib/python3.11/site-packages/google/oauth2/credentials.py", line 409, in refresh
    ) = reauth.refresh_grant(
        ^^^^^^^^^^^^^^^^^^^^^
  File "/Users/Gabriel/DataHub/rag_app_cofares/Web_Cofares/.venv/lib/python3.11/site-packages/google/oauth2/reauth.py", line 349, in refresh_grant
    raise exceptions.RefreshError(
google.auth.exceptions.RefreshError: Reauthentication is needed. Please run `gcloud auth application-default login` to reauthenticate.
2024-11-04 12:50:48,981 - ERROR - AuthMetadataPluginCallback "<google.auth.transport.grpc.AuthMetadataPlugin object at 0x11a79a0d0>" raised exception!
Traceback (most recent call last):
  File "/Users/Gabriel/DataHub/rag_app_cofares/Web_Cofares/.venv/lib/python3.11/site-packages/grpc/_plugin_wrapping.py", line 105, in __call__
    self._metadata_plugin(
  File "/Users/Gabriel/DataHub/rag_app_cofares/Web_Cofares/.venv/lib/python3.11/site-packages/google/auth/transport/grpc.py", line 95, in __call__
    callback(self._get_authorization_headers(context), None)
             ^^^^^^^^^^^^^^^^^^^^^^^^^^^^^^^^^^^^^^^^
  File "/Users/Gabriel/DataHub/rag_app_cofares/Web_Cofares/.venv/lib/python3.11/site-packages/google/auth/transport/grpc.py", line 81, in _get_authorization_headers
    self._credentials.before_request(
  File "/Users/Gabriel/DataHub/rag_app_cofares/Web_Cofares/.venv/lib/python3.11/site-packages/google/auth/credentials.py", line 239, in before_request
    self._blocking_refresh(request)
  File "/Users/Gabriel/DataHub/rag_app_cofares/Web_Cofares/.venv/lib/python3.11/site-packages/google/auth/credentials.py", line 202, in _blocking_refresh
    self.refresh(request)
  File "/Users/Gabriel/DataHub/rag_app_cofares/Web_Cofares/.venv/lib/python3.11/site-packages/google/oauth2/credentials.py", line 409, in refresh
    ) = reauth.refresh_grant(
        ^^^^^^^^^^^^^^^^^^^^^
  File "/Users/Gabriel/DataHub/rag_app_cofares/Web_Cofares/.venv/lib/python3.11/site-packages/google/oauth2/reauth.py", line 349, in refresh_grant
    raise exceptions.RefreshError(
google.auth.exceptions.RefreshError: Reauthentication is needed. Please run `gcloud auth application-default login` to reauthenticate.
2024-11-04 12:50:49,218 - ERROR - AuthMetadataPluginCallback "<google.auth.transport.grpc.AuthMetadataPlugin object at 0x11a79a0d0>" raised exception!
Traceback (most recent call last):
  File "/Users/Gabriel/DataHub/rag_app_cofares/Web_Cofares/.venv/lib/python3.11/site-packages/grpc/_plugin_wrapping.py", line 105, in __call__
    self._metadata_plugin(
  File "/Users/Gabriel/DataHub/rag_app_cofares/Web_Cofares/.venv/lib/python3.11/site-packages/google/auth/transport/grpc.py", line 95, in __call__
    callback(self._get_authorization_headers(context), None)
             ^^^^^^^^^^^^^^^^^^^^^^^^^^^^^^^^^^^^^^^^
  File "/Users/Gabriel/DataHub/rag_app_cofares/Web_Cofares/.venv/lib/python3.11/site-packages/google/auth/transport/grpc.py", line 81, in _get_authorization_headers
    self._credentials.before_request(
  File "/Users/Gabriel/DataHub/rag_app_cofares/Web_Cofares/.venv/lib/python3.11/site-packages/google/auth/credentials.py", line 239, in before_request
    self._blocking_refresh(request)
  File "/Users/Gabriel/DataHub/rag_app_cofares/Web_Cofares/.venv/lib/python3.11/site-packages/google/auth/credentials.py", line 202, in _blocking_refresh
    self.refresh(request)
  File "/Users/Gabriel/DataHub/rag_app_cofares/Web_Cofares/.venv/lib/python3.11/site-packages/google/oauth2/credentials.py", line 409, in refresh
    ) = reauth.refresh_grant(
        ^^^^^^^^^^^^^^^^^^^^^
  File "/Users/Gabriel/DataHub/rag_app_cofares/Web_Cofares/.venv/lib/python3.11/site-packages/google/oauth2/reauth.py", line 349, in refresh_grant
    raise exceptions.RefreshError(
google.auth.exceptions.RefreshError: Reauthentication is needed. Please run `gcloud auth application-default login` to reauthenticate.
2024-11-04 12:50:49,559 - ERROR - AuthMetadataPluginCallback "<google.auth.transport.grpc.AuthMetadataPlugin object at 0x11a79a0d0>" raised exception!
Traceback (most recent call last):
  File "/Users/Gabriel/DataHub/rag_app_cofares/Web_Cofares/.venv/lib/python3.11/site-packages/grpc/_plugin_wrapping.py", line 105, in __call__
    self._metadata_plugin(
  File "/Users/Gabriel/DataHub/rag_app_cofares/Web_Cofares/.venv/lib/python3.11/site-packages/google/auth/transport/grpc.py", line 95, in __call__
    callback(self._get_authorization_headers(context), None)
             ^^^^^^^^^^^^^^^^^^^^^^^^^^^^^^^^^^^^^^^^
  File "/Users/Gabriel/DataHub/rag_app_cofares/Web_Cofares/.venv/lib/python3.11/site-packages/google/auth/transport/grpc.py", line 81, in _get_authorization_headers
    self._credentials.before_request(
  File "/Users/Gabriel/DataHub/rag_app_cofares/Web_Cofares/.venv/lib/python3.11/site-packages/google/auth/credentials.py", line 239, in before_request
    self._blocking_refresh(request)
  File "/Users/Gabriel/DataHub/rag_app_cofares/Web_Cofares/.venv/lib/python3.11/site-packages/google/auth/credentials.py", line 202, in _blocking_refresh
    self.refresh(request)
  File "/Users/Gabriel/DataHub/rag_app_cofares/Web_Cofares/.venv/lib/python3.11/site-packages/google/oauth2/credentials.py", line 409, in refresh
    ) = reauth.refresh_grant(
        ^^^^^^^^^^^^^^^^^^^^^
  File "/Users/Gabriel/DataHub/rag_app_cofares/Web_Cofares/.venv/lib/python3.11/site-packages/google/oauth2/reauth.py", line 349, in refresh_grant
    raise exceptions.RefreshError(
google.auth.exceptions.RefreshError: Reauthentication is needed. Please run `gcloud auth application-default login` to reauthenticate.
2024-11-04 12:50:49,684 - ERROR - AuthMetadataPluginCallback "<google.auth.transport.grpc.AuthMetadataPlugin object at 0x11a79a0d0>" raised exception!
Traceback (most recent call last):
  File "/Users/Gabriel/DataHub/rag_app_cofares/Web_Cofares/.venv/lib/python3.11/site-packages/grpc/_plugin_wrapping.py", line 105, in __call__
    self._metadata_plugin(
  File "/Users/Gabriel/DataHub/rag_app_cofares/Web_Cofares/.venv/lib/python3.11/site-packages/google/auth/transport/grpc.py", line 95, in __call__
    callback(self._get_authorization_headers(context), None)
             ^^^^^^^^^^^^^^^^^^^^^^^^^^^^^^^^^^^^^^^^
  File "/Users/Gabriel/DataHub/rag_app_cofares/Web_Cofares/.venv/lib/python3.11/site-packages/google/auth/transport/grpc.py", line 81, in _get_authorization_headers
    self._credentials.before_request(
  File "/Users/Gabriel/DataHub/rag_app_cofares/Web_Cofares/.venv/lib/python3.11/site-packages/google/auth/credentials.py", line 239, in before_request
    self._blocking_refresh(request)
  File "/Users/Gabriel/DataHub/rag_app_cofares/Web_Cofares/.venv/lib/python3.11/site-packages/google/auth/credentials.py", line 202, in _blocking_refresh
    self.refresh(request)
  File "/Users/Gabriel/DataHub/rag_app_cofares/Web_Cofares/.venv/lib/python3.11/site-packages/google/oauth2/credentials.py", line 409, in refresh
    ) = reauth.refresh_grant(
        ^^^^^^^^^^^^^^^^^^^^^
  File "/Users/Gabriel/DataHub/rag_app_cofares/Web_Cofares/.venv/lib/python3.11/site-packages/google/oauth2/reauth.py", line 349, in refresh_grant
    raise exceptions.RefreshError(
google.auth.exceptions.RefreshError: Reauthentication is needed. Please run `gcloud auth application-default login` to reauthenticate.
2024-11-04 12:50:50,342 - ERROR - AuthMetadataPluginCallback "<google.auth.transport.grpc.AuthMetadataPlugin object at 0x11a79a0d0>" raised exception!
Traceback (most recent call last):
  File "/Users/Gabriel/DataHub/rag_app_cofares/Web_Cofares/.venv/lib/python3.11/site-packages/grpc/_plugin_wrapping.py", line 105, in __call__
    self._metadata_plugin(
  File "/Users/Gabriel/DataHub/rag_app_cofares/Web_Cofares/.venv/lib/python3.11/site-packages/google/auth/transport/grpc.py", line 95, in __call__
    callback(self._get_authorization_headers(context), None)
             ^^^^^^^^^^^^^^^^^^^^^^^^^^^^^^^^^^^^^^^^
  File "/Users/Gabriel/DataHub/rag_app_cofares/Web_Cofares/.venv/lib/python3.11/site-packages/google/auth/transport/grpc.py", line 81, in _get_authorization_headers
    self._credentials.before_request(
  File "/Users/Gabriel/DataHub/rag_app_cofares/Web_Cofares/.venv/lib/python3.11/site-packages/google/auth/credentials.py", line 239, in before_request
    self._blocking_refresh(request)
  File "/Users/Gabriel/DataHub/rag_app_cofares/Web_Cofares/.venv/lib/python3.11/site-packages/google/auth/credentials.py", line 202, in _blocking_refresh
    self.refresh(request)
  File "/Users/Gabriel/DataHub/rag_app_cofares/Web_Cofares/.venv/lib/python3.11/site-packages/google/oauth2/credentials.py", line 409, in refresh
    ) = reauth.refresh_grant(
        ^^^^^^^^^^^^^^^^^^^^^
  File "/Users/Gabriel/DataHub/rag_app_cofares/Web_Cofares/.venv/lib/python3.11/site-packages/google/oauth2/reauth.py", line 349, in refresh_grant
    raise exceptions.RefreshError(
google.auth.exceptions.RefreshError: Reauthentication is needed. Please run `gcloud auth application-default login` to reauthenticate.
2024-11-04 12:50:51,519 - ERROR - AuthMetadataPluginCallback "<google.auth.transport.grpc.AuthMetadataPlugin object at 0x11a79a0d0>" raised exception!
Traceback (most recent call last):
  File "/Users/Gabriel/DataHub/rag_app_cofares/Web_Cofares/.venv/lib/python3.11/site-packages/grpc/_plugin_wrapping.py", line 105, in __call__
    self._metadata_plugin(
  File "/Users/Gabriel/DataHub/rag_app_cofares/Web_Cofares/.venv/lib/python3.11/site-packages/google/auth/transport/grpc.py", line 95, in __call__
    callback(self._get_authorization_headers(context), None)
             ^^^^^^^^^^^^^^^^^^^^^^^^^^^^^^^^^^^^^^^^
  File "/Users/Gabriel/DataHub/rag_app_cofares/Web_Cofares/.venv/lib/python3.11/site-packages/google/auth/transport/grpc.py", line 81, in _get_authorization_headers
    self._credentials.before_request(
  File "/Users/Gabriel/DataHub/rag_app_cofares/Web_Cofares/.venv/lib/python3.11/site-packages/google/auth/credentials.py", line 239, in before_request
    self._blocking_refresh(request)
  File "/Users/Gabriel/DataHub/rag_app_cofares/Web_Cofares/.venv/lib/python3.11/site-packages/google/auth/credentials.py", line 202, in _blocking_refresh
    self.refresh(request)
  File "/Users/Gabriel/DataHub/rag_app_cofares/Web_Cofares/.venv/lib/python3.11/site-packages/google/oauth2/credentials.py", line 409, in refresh
    ) = reauth.refresh_grant(
        ^^^^^^^^^^^^^^^^^^^^^
  File "/Users/Gabriel/DataHub/rag_app_cofares/Web_Cofares/.venv/lib/python3.11/site-packages/google/oauth2/reauth.py", line 349, in refresh_grant
    raise exceptions.RefreshError(
google.auth.exceptions.RefreshError: Reauthentication is needed. Please run `gcloud auth application-default login` to reauthenticate.
2024-11-04 12:50:52,545 - ERROR - AuthMetadataPluginCallback "<google.auth.transport.grpc.AuthMetadataPlugin object at 0x11a79a0d0>" raised exception!
Traceback (most recent call last):
  File "/Users/Gabriel/DataHub/rag_app_cofares/Web_Cofares/.venv/lib/python3.11/site-packages/grpc/_plugin_wrapping.py", line 105, in __call__
    self._metadata_plugin(
  File "/Users/Gabriel/DataHub/rag_app_cofares/Web_Cofares/.venv/lib/python3.11/site-packages/google/auth/transport/grpc.py", line 95, in __call__
    callback(self._get_authorization_headers(context), None)
             ^^^^^^^^^^^^^^^^^^^^^^^^^^^^^^^^^^^^^^^^
  File "/Users/Gabriel/DataHub/rag_app_cofares/Web_Cofares/.venv/lib/python3.11/site-packages/google/auth/transport/grpc.py", line 81, in _get_authorization_headers
    self._credentials.before_request(
  File "/Users/Gabriel/DataHub/rag_app_cofares/Web_Cofares/.venv/lib/python3.11/site-packages/google/auth/credentials.py", line 239, in before_request
    self._blocking_refresh(request)
  File "/Users/Gabriel/DataHub/rag_app_cofares/Web_Cofares/.venv/lib/python3.11/site-packages/google/auth/credentials.py", line 202, in _blocking_refresh
    self.refresh(request)
  File "/Users/Gabriel/DataHub/rag_app_cofares/Web_Cofares/.venv/lib/python3.11/site-packages/google/oauth2/credentials.py", line 409, in refresh
    ) = reauth.refresh_grant(
        ^^^^^^^^^^^^^^^^^^^^^
  File "/Users/Gabriel/DataHub/rag_app_cofares/Web_Cofares/.venv/lib/python3.11/site-packages/google/oauth2/reauth.py", line 349, in refresh_grant
    raise exceptions.RefreshError(
google.auth.exceptions.RefreshError: Reauthentication is needed. Please run `gcloud auth application-default login` to reauthenticate.
2024-11-04 12:50:54,701 - ERROR - AuthMetadataPluginCallback "<google.auth.transport.grpc.AuthMetadataPlugin object at 0x11a79a0d0>" raised exception!
Traceback (most recent call last):
  File "/Users/Gabriel/DataHub/rag_app_cofares/Web_Cofares/.venv/lib/python3.11/site-packages/grpc/_plugin_wrapping.py", line 105, in __call__
    self._metadata_plugin(
  File "/Users/Gabriel/DataHub/rag_app_cofares/Web_Cofares/.venv/lib/python3.11/site-packages/google/auth/transport/grpc.py", line 95, in __call__
    callback(self._get_authorization_headers(context), None)
             ^^^^^^^^^^^^^^^^^^^^^^^^^^^^^^^^^^^^^^^^
  File "/Users/Gabriel/DataHub/rag_app_cofares/Web_Cofares/.venv/lib/python3.11/site-packages/google/auth/transport/grpc.py", line 81, in _get_authorization_headers
    self._credentials.before_request(
  File "/Users/Gabriel/DataHub/rag_app_cofares/Web_Cofares/.venv/lib/python3.11/site-packages/google/auth/credentials.py", line 239, in before_request
    self._blocking_refresh(request)
  File "/Users/Gabriel/DataHub/rag_app_cofares/Web_Cofares/.venv/lib/python3.11/site-packages/google/auth/credentials.py", line 202, in _blocking_refresh
    self.refresh(request)
  File "/Users/Gabriel/DataHub/rag_app_cofares/Web_Cofares/.venv/lib/python3.11/site-packages/google/oauth2/credentials.py", line 409, in refresh
    ) = reauth.refresh_grant(
        ^^^^^^^^^^^^^^^^^^^^^
  File "/Users/Gabriel/DataHub/rag_app_cofares/Web_Cofares/.venv/lib/python3.11/site-packages/google/oauth2/reauth.py", line 349, in refresh_grant
    raise exceptions.RefreshError(
google.auth.exceptions.RefreshError: Reauthentication is needed. Please run `gcloud auth application-default login` to reauthenticate.
2024-11-04 12:50:57,267 - ERROR - AuthMetadataPluginCallback "<google.auth.transport.grpc.AuthMetadataPlugin object at 0x11a79a0d0>" raised exception!
Traceback (most recent call last):
  File "/Users/Gabriel/DataHub/rag_app_cofares/Web_Cofares/.venv/lib/python3.11/site-packages/grpc/_plugin_wrapping.py", line 105, in __call__
    self._metadata_plugin(
  File "/Users/Gabriel/DataHub/rag_app_cofares/Web_Cofares/.venv/lib/python3.11/site-packages/google/auth/transport/grpc.py", line 95, in __call__
    callback(self._get_authorization_headers(context), None)
             ^^^^^^^^^^^^^^^^^^^^^^^^^^^^^^^^^^^^^^^^
  File "/Users/Gabriel/DataHub/rag_app_cofares/Web_Cofares/.venv/lib/python3.11/site-packages/google/auth/transport/grpc.py", line 81, in _get_authorization_headers
    self._credentials.before_request(
  File "/Users/Gabriel/DataHub/rag_app_cofares/Web_Cofares/.venv/lib/python3.11/site-packages/google/auth/credentials.py", line 239, in before_request
    self._blocking_refresh(request)
  File "/Users/Gabriel/DataHub/rag_app_cofares/Web_Cofares/.venv/lib/python3.11/site-packages/google/auth/credentials.py", line 202, in _blocking_refresh
    self.refresh(request)
  File "/Users/Gabriel/DataHub/rag_app_cofares/Web_Cofares/.venv/lib/python3.11/site-packages/google/oauth2/credentials.py", line 409, in refresh
    ) = reauth.refresh_grant(
        ^^^^^^^^^^^^^^^^^^^^^
  File "/Users/Gabriel/DataHub/rag_app_cofares/Web_Cofares/.venv/lib/python3.11/site-packages/google/oauth2/reauth.py", line 349, in refresh_grant
    raise exceptions.RefreshError(
google.auth.exceptions.RefreshError: Reauthentication is needed. Please run `gcloud auth application-default login` to reauthenticate.
2024-11-04 12:50:59,923 - ERROR - AuthMetadataPluginCallback "<google.auth.transport.grpc.AuthMetadataPlugin object at 0x11a79a0d0>" raised exception!
Traceback (most recent call last):
  File "/Users/Gabriel/DataHub/rag_app_cofares/Web_Cofares/.venv/lib/python3.11/site-packages/grpc/_plugin_wrapping.py", line 105, in __call__
    self._metadata_plugin(
  File "/Users/Gabriel/DataHub/rag_app_cofares/Web_Cofares/.venv/lib/python3.11/site-packages/google/auth/transport/grpc.py", line 95, in __call__
    callback(self._get_authorization_headers(context), None)
             ^^^^^^^^^^^^^^^^^^^^^^^^^^^^^^^^^^^^^^^^
  File "/Users/Gabriel/DataHub/rag_app_cofares/Web_Cofares/.venv/lib/python3.11/site-packages/google/auth/transport/grpc.py", line 81, in _get_authorization_headers
    self._credentials.before_request(
  File "/Users/Gabriel/DataHub/rag_app_cofares/Web_Cofares/.venv/lib/python3.11/site-packages/google/auth/credentials.py", line 239, in before_request
    self._blocking_refresh(request)
  File "/Users/Gabriel/DataHub/rag_app_cofares/Web_Cofares/.venv/lib/python3.11/site-packages/google/auth/credentials.py", line 202, in _blocking_refresh
    self.refresh(request)
  File "/Users/Gabriel/DataHub/rag_app_cofares/Web_Cofares/.venv/lib/python3.11/site-packages/google/oauth2/credentials.py", line 409, in refresh
    ) = reauth.refresh_grant(
        ^^^^^^^^^^^^^^^^^^^^^
  File "/Users/Gabriel/DataHub/rag_app_cofares/Web_Cofares/.venv/lib/python3.11/site-packages/google/oauth2/reauth.py", line 349, in refresh_grant
    raise exceptions.RefreshError(
google.auth.exceptions.RefreshError: Reauthentication is needed. Please run `gcloud auth application-default login` to reauthenticate.
2024-11-04 12:51:02,657 - ERROR - AuthMetadataPluginCallback "<google.auth.transport.grpc.AuthMetadataPlugin object at 0x11a79a0d0>" raised exception!
Traceback (most recent call last):
  File "/Users/Gabriel/DataHub/rag_app_cofares/Web_Cofares/.venv/lib/python3.11/site-packages/grpc/_plugin_wrapping.py", line 105, in __call__
    self._metadata_plugin(
  File "/Users/Gabriel/DataHub/rag_app_cofares/Web_Cofares/.venv/lib/python3.11/site-packages/google/auth/transport/grpc.py", line 95, in __call__
    callback(self._get_authorization_headers(context), None)
             ^^^^^^^^^^^^^^^^^^^^^^^^^^^^^^^^^^^^^^^^
  File "/Users/Gabriel/DataHub/rag_app_cofares/Web_Cofares/.venv/lib/python3.11/site-packages/google/auth/transport/grpc.py", line 81, in _get_authorization_headers
    self._credentials.before_request(
  File "/Users/Gabriel/DataHub/rag_app_cofares/Web_Cofares/.venv/lib/python3.11/site-packages/google/auth/credentials.py", line 239, in before_request
    self._blocking_refresh(request)
  File "/Users/Gabriel/DataHub/rag_app_cofares/Web_Cofares/.venv/lib/python3.11/site-packages/google/auth/credentials.py", line 202, in _blocking_refresh
    self.refresh(request)
  File "/Users/Gabriel/DataHub/rag_app_cofares/Web_Cofares/.venv/lib/python3.11/site-packages/google/oauth2/credentials.py", line 409, in refresh
    ) = reauth.refresh_grant(
        ^^^^^^^^^^^^^^^^^^^^^
  File "/Users/Gabriel/DataHub/rag_app_cofares/Web_Cofares/.venv/lib/python3.11/site-packages/google/oauth2/reauth.py", line 349, in refresh_grant
    raise exceptions.RefreshError(
google.auth.exceptions.RefreshError: Reauthentication is needed. Please run `gcloud auth application-default login` to reauthenticate.
2024-11-04 12:51:03,441 - ERROR - AuthMetadataPluginCallback "<google.auth.transport.grpc.AuthMetadataPlugin object at 0x11a79a0d0>" raised exception!
Traceback (most recent call last):
  File "/Users/Gabriel/DataHub/rag_app_cofares/Web_Cofares/.venv/lib/python3.11/site-packages/grpc/_plugin_wrapping.py", line 105, in __call__
    self._metadata_plugin(
  File "/Users/Gabriel/DataHub/rag_app_cofares/Web_Cofares/.venv/lib/python3.11/site-packages/google/auth/transport/grpc.py", line 95, in __call__
    callback(self._get_authorization_headers(context), None)
             ^^^^^^^^^^^^^^^^^^^^^^^^^^^^^^^^^^^^^^^^
  File "/Users/Gabriel/DataHub/rag_app_cofares/Web_Cofares/.venv/lib/python3.11/site-packages/google/auth/transport/grpc.py", line 81, in _get_authorization_headers
    self._credentials.before_request(
  File "/Users/Gabriel/DataHub/rag_app_cofares/Web_Cofares/.venv/lib/python3.11/site-packages/google/auth/credentials.py", line 239, in before_request
    self._blocking_refresh(request)
  File "/Users/Gabriel/DataHub/rag_app_cofares/Web_Cofares/.venv/lib/python3.11/site-packages/google/auth/credentials.py", line 202, in _blocking_refresh
    self.refresh(request)
  File "/Users/Gabriel/DataHub/rag_app_cofares/Web_Cofares/.venv/lib/python3.11/site-packages/google/oauth2/credentials.py", line 409, in refresh
    ) = reauth.refresh_grant(
        ^^^^^^^^^^^^^^^^^^^^^
  File "/Users/Gabriel/DataHub/rag_app_cofares/Web_Cofares/.venv/lib/python3.11/site-packages/google/oauth2/reauth.py", line 349, in refresh_grant
    raise exceptions.RefreshError(
google.auth.exceptions.RefreshError: Reauthentication is needed. Please run `gcloud auth application-default login` to reauthenticate.
2024-11-04 12:51:04,764 - ERROR - AuthMetadataPluginCallback "<google.auth.transport.grpc.AuthMetadataPlugin object at 0x11a79a0d0>" raised exception!
Traceback (most recent call last):
  File "/Users/Gabriel/DataHub/rag_app_cofares/Web_Cofares/.venv/lib/python3.11/site-packages/grpc/_plugin_wrapping.py", line 105, in __call__
    self._metadata_plugin(
  File "/Users/Gabriel/DataHub/rag_app_cofares/Web_Cofares/.venv/lib/python3.11/site-packages/google/auth/transport/grpc.py", line 95, in __call__
    callback(self._get_authorization_headers(context), None)
             ^^^^^^^^^^^^^^^^^^^^^^^^^^^^^^^^^^^^^^^^
  File "/Users/Gabriel/DataHub/rag_app_cofares/Web_Cofares/.venv/lib/python3.11/site-packages/google/auth/transport/grpc.py", line 81, in _get_authorization_headers
    self._credentials.before_request(
  File "/Users/Gabriel/DataHub/rag_app_cofares/Web_Cofares/.venv/lib/python3.11/site-packages/google/auth/credentials.py", line 239, in before_request
    self._blocking_refresh(request)
  File "/Users/Gabriel/DataHub/rag_app_cofares/Web_Cofares/.venv/lib/python3.11/site-packages/google/auth/credentials.py", line 202, in _blocking_refresh
    self.refresh(request)
  File "/Users/Gabriel/DataHub/rag_app_cofares/Web_Cofares/.venv/lib/python3.11/site-packages/google/oauth2/credentials.py", line 409, in refresh
    ) = reauth.refresh_grant(
        ^^^^^^^^^^^^^^^^^^^^^
  File "/Users/Gabriel/DataHub/rag_app_cofares/Web_Cofares/.venv/lib/python3.11/site-packages/google/oauth2/reauth.py", line 349, in refresh_grant
    raise exceptions.RefreshError(
google.auth.exceptions.RefreshError: Reauthentication is needed. Please run `gcloud auth application-default login` to reauthenticate.
2024-11-04 12:51:12,746 - ERROR - AuthMetadataPluginCallback "<google.auth.transport.grpc.AuthMetadataPlugin object at 0x11a79a0d0>" raised exception!
Traceback (most recent call last):
  File "/Users/Gabriel/DataHub/rag_app_cofares/Web_Cofares/.venv/lib/python3.11/site-packages/grpc/_plugin_wrapping.py", line 105, in __call__
    self._metadata_plugin(
  File "/Users/Gabriel/DataHub/rag_app_cofares/Web_Cofares/.venv/lib/python3.11/site-packages/google/auth/transport/grpc.py", line 95, in __call__
    callback(self._get_authorization_headers(context), None)
             ^^^^^^^^^^^^^^^^^^^^^^^^^^^^^^^^^^^^^^^^
  File "/Users/Gabriel/DataHub/rag_app_cofares/Web_Cofares/.venv/lib/python3.11/site-packages/google/auth/transport/grpc.py", line 81, in _get_authorization_headers
    self._credentials.before_request(
  File "/Users/Gabriel/DataHub/rag_app_cofares/Web_Cofares/.venv/lib/python3.11/site-packages/google/auth/credentials.py", line 239, in before_request
    self._blocking_refresh(request)
  File "/Users/Gabriel/DataHub/rag_app_cofares/Web_Cofares/.venv/lib/python3.11/site-packages/google/auth/credentials.py", line 202, in _blocking_refresh
    self.refresh(request)
  File "/Users/Gabriel/DataHub/rag_app_cofares/Web_Cofares/.venv/lib/python3.11/site-packages/google/oauth2/credentials.py", line 409, in refresh
    ) = reauth.refresh_grant(
        ^^^^^^^^^^^^^^^^^^^^^
  File "/Users/Gabriel/DataHub/rag_app_cofares/Web_Cofares/.venv/lib/python3.11/site-packages/google/oauth2/reauth.py", line 349, in refresh_grant
    raise exceptions.RefreshError(
google.auth.exceptions.RefreshError: Reauthentication is needed. Please run `gcloud auth application-default login` to reauthenticate.
2024-11-04 12:51:23,125 - ERROR - AuthMetadataPluginCallback "<google.auth.transport.grpc.AuthMetadataPlugin object at 0x11a79a0d0>" raised exception!
Traceback (most recent call last):
  File "/Users/Gabriel/DataHub/rag_app_cofares/Web_Cofares/.venv/lib/python3.11/site-packages/grpc/_plugin_wrapping.py", line 105, in __call__
    self._metadata_plugin(
  File "/Users/Gabriel/DataHub/rag_app_cofares/Web_Cofares/.venv/lib/python3.11/site-packages/google/auth/transport/grpc.py", line 95, in __call__
    callback(self._get_authorization_headers(context), None)
             ^^^^^^^^^^^^^^^^^^^^^^^^^^^^^^^^^^^^^^^^
  File "/Users/Gabriel/DataHub/rag_app_cofares/Web_Cofares/.venv/lib/python3.11/site-packages/google/auth/transport/grpc.py", line 81, in _get_authorization_headers
    self._credentials.before_request(
  File "/Users/Gabriel/DataHub/rag_app_cofares/Web_Cofares/.venv/lib/python3.11/site-packages/google/auth/credentials.py", line 239, in before_request
    self._blocking_refresh(request)
  File "/Users/Gabriel/DataHub/rag_app_cofares/Web_Cofares/.venv/lib/python3.11/site-packages/google/auth/credentials.py", line 202, in _blocking_refresh
    self.refresh(request)
  File "/Users/Gabriel/DataHub/rag_app_cofares/Web_Cofares/.venv/lib/python3.11/site-packages/google/oauth2/credentials.py", line 409, in refresh
    ) = reauth.refresh_grant(
        ^^^^^^^^^^^^^^^^^^^^^
  File "/Users/Gabriel/DataHub/rag_app_cofares/Web_Cofares/.venv/lib/python3.11/site-packages/google/oauth2/reauth.py", line 349, in refresh_grant
    raise exceptions.RefreshError(
google.auth.exceptions.RefreshError: Reauthentication is needed. Please run `gcloud auth application-default login` to reauthenticate.
2024-11-04 12:51:31,647 - ERROR - AuthMetadataPluginCallback "<google.auth.transport.grpc.AuthMetadataPlugin object at 0x11a79a0d0>" raised exception!
Traceback (most recent call last):
  File "/Users/Gabriel/DataHub/rag_app_cofares/Web_Cofares/.venv/lib/python3.11/site-packages/grpc/_plugin_wrapping.py", line 105, in __call__
    self._metadata_plugin(
  File "/Users/Gabriel/DataHub/rag_app_cofares/Web_Cofares/.venv/lib/python3.11/site-packages/google/auth/transport/grpc.py", line 95, in __call__
    callback(self._get_authorization_headers(context), None)
             ^^^^^^^^^^^^^^^^^^^^^^^^^^^^^^^^^^^^^^^^
  File "/Users/Gabriel/DataHub/rag_app_cofares/Web_Cofares/.venv/lib/python3.11/site-packages/google/auth/transport/grpc.py", line 81, in _get_authorization_headers
    self._credentials.before_request(
  File "/Users/Gabriel/DataHub/rag_app_cofares/Web_Cofares/.venv/lib/python3.11/site-packages/google/auth/credentials.py", line 239, in before_request
    self._blocking_refresh(request)
  File "/Users/Gabriel/DataHub/rag_app_cofares/Web_Cofares/.venv/lib/python3.11/site-packages/google/auth/credentials.py", line 202, in _blocking_refresh
    self.refresh(request)
  File "/Users/Gabriel/DataHub/rag_app_cofares/Web_Cofares/.venv/lib/python3.11/site-packages/google/oauth2/credentials.py", line 409, in refresh
    ) = reauth.refresh_grant(
        ^^^^^^^^^^^^^^^^^^^^^
  File "/Users/Gabriel/DataHub/rag_app_cofares/Web_Cofares/.venv/lib/python3.11/site-packages/google/oauth2/reauth.py", line 349, in refresh_grant
    raise exceptions.RefreshError(
google.auth.exceptions.RefreshError: Reauthentication is needed. Please run `gcloud auth application-default login` to reauthenticate.
2024-11-04 12:51:31,649 - WARNING - Failed to convert project number to project ID.
Traceback (most recent call last):
  File "/Users/Gabriel/DataHub/rag_app_cofares/Web_Cofares/.venv/lib/python3.11/site-packages/google/api_core/grpc_helpers.py", line 76, in error_remapped_callable
    return callable_(*args, **kwargs)
           ^^^^^^^^^^^^^^^^^^^^^^^^^^
  File "/Users/Gabriel/DataHub/rag_app_cofares/Web_Cofares/.venv/lib/python3.11/site-packages/grpc/_channel.py", line 1181, in __call__
    return _end_unary_response_blocking(state, call, False, None)
           ^^^^^^^^^^^^^^^^^^^^^^^^^^^^^^^^^^^^^^^^^^^^^^^^^^^^^^
  File "/Users/Gabriel/DataHub/rag_app_cofares/Web_Cofares/.venv/lib/python3.11/site-packages/grpc/_channel.py", line 1006, in _end_unary_response_blocking
    raise _InactiveRpcError(state)  # pytype: disable=not-instantiable
    ^^^^^^^^^^^^^^^^^^^^^^^^^^^^^^
grpc._channel._InactiveRpcError: <_InactiveRpcError of RPC that terminated with:
	status = StatusCode.UNAVAILABLE
	details = "Getting metadata from plugin failed with error: Reauthentication is needed. Please run `gcloud auth application-default login` to reauthenticate."
	debug_error_string = "UNKNOWN:Error received from peer  {created_time:"2024-11-04T12:51:31.648492+01:00", grpc_status:14, grpc_message:"Getting metadata from plugin failed with error: Reauthentication is needed. Please run `gcloud auth application-default login` to reauthenticate."}"
>

The above exception was the direct cause of the following exception:

Traceback (most recent call last):
  File "/Users/Gabriel/DataHub/rag_app_cofares/Web_Cofares/.venv/lib/python3.11/site-packages/google/api_core/retry/retry_unary.py", line 144, in retry_target
    result = target()
             ^^^^^^^^
  File "/Users/Gabriel/DataHub/rag_app_cofares/Web_Cofares/.venv/lib/python3.11/site-packages/google/api_core/timeout.py", line 120, in func_with_timeout
    return func(*args, **kwargs)
           ^^^^^^^^^^^^^^^^^^^^^
  File "/Users/Gabriel/DataHub/rag_app_cofares/Web_Cofares/.venv/lib/python3.11/site-packages/google/api_core/grpc_helpers.py", line 78, in error_remapped_callable
    raise exceptions.from_grpc_error(exc) from exc
google.api_core.exceptions.ServiceUnavailable: 503 Getting metadata from plugin failed with error: Reauthentication is needed. Please run `gcloud auth application-default login` to reauthenticate.

The above exception was the direct cause of the following exception:

Traceback (most recent call last):
  File "/Users/Gabriel/DataHub/rag_app_cofares/Web_Cofares/.venv/lib/python3.11/site-packages/google/cloud/aiplatform/initializer.py", line 101, in _set_project_as_env_var_or_google_auth_default
    project_id = resource_manager_utils.get_project_id(
                 ^^^^^^^^^^^^^^^^^^^^^^^^^^^^^^^^^^^^^^
  File "/Users/Gabriel/DataHub/rag_app_cofares/Web_Cofares/.venv/lib/python3.11/site-packages/google/cloud/aiplatform/utils/resource_manager_utils.py", line 48, in get_project_id
    project = projects_client.get_project(name=f"projects/{project_number}")
              ^^^^^^^^^^^^^^^^^^^^^^^^^^^^^^^^^^^^^^^^^^^^^^^^^^^^^^^^^^^^^^
  File "/Users/Gabriel/DataHub/rag_app_cofares/Web_Cofares/.venv/lib/python3.11/site-packages/google/cloud/resourcemanager_v3/services/projects/client.py", line 776, in get_project
    response = rpc(
               ^^^^
  File "/Users/Gabriel/DataHub/rag_app_cofares/Web_Cofares/.venv/lib/python3.11/site-packages/google/api_core/gapic_v1/method.py", line 131, in __call__
    return wrapped_func(*args, **kwargs)
           ^^^^^^^^^^^^^^^^^^^^^^^^^^^^^
  File "/Users/Gabriel/DataHub/rag_app_cofares/Web_Cofares/.venv/lib/python3.11/site-packages/google/api_core/retry/retry_unary.py", line 293, in retry_wrapped_func
    return retry_target(
           ^^^^^^^^^^^^^
  File "/Users/Gabriel/DataHub/rag_app_cofares/Web_Cofares/.venv/lib/python3.11/site-packages/google/api_core/retry/retry_unary.py", line 153, in retry_target
    _retry_error_helper(
  File "/Users/Gabriel/DataHub/rag_app_cofares/Web_Cofares/.venv/lib/python3.11/site-packages/google/api_core/retry/retry_base.py", line 221, in _retry_error_helper
    raise final_exc from source_exc
google.api_core.exceptions.RetryError: Timeout of 60.0s exceeded, last exception: 503 Getting metadata from plugin failed with error: Reauthentication is needed. Please run `gcloud auth application-default login` to reauthenticate.
2024-11-04 12:51:31,670 - INFO - [31m[1mWARNING: This is a development server. Do not use it in a production deployment. Use a production WSGI server instead.[0m
 * Running on http://127.0.0.1:5000
2024-11-04 12:51:31,670 - INFO - [33mPress CTRL+C to quit[0m
2024-11-04 12:53:17,124 - ERROR - AuthMetadataPluginCallback "<google.auth.transport.grpc.AuthMetadataPlugin object at 0x116bc60d0>" raised exception!
Traceback (most recent call last):
  File "/Users/Gabriel/DataHub/rag_app_cofares/Web_Cofares/.venv/lib/python3.11/site-packages/grpc/_plugin_wrapping.py", line 105, in __call__
    self._metadata_plugin(
  File "/Users/Gabriel/DataHub/rag_app_cofares/Web_Cofares/.venv/lib/python3.11/site-packages/google/auth/transport/grpc.py", line 95, in __call__
    callback(self._get_authorization_headers(context), None)
             ^^^^^^^^^^^^^^^^^^^^^^^^^^^^^^^^^^^^^^^^
  File "/Users/Gabriel/DataHub/rag_app_cofares/Web_Cofares/.venv/lib/python3.11/site-packages/google/auth/transport/grpc.py", line 81, in _get_authorization_headers
    self._credentials.before_request(
  File "/Users/Gabriel/DataHub/rag_app_cofares/Web_Cofares/.venv/lib/python3.11/site-packages/google/auth/credentials.py", line 239, in before_request
    self._blocking_refresh(request)
  File "/Users/Gabriel/DataHub/rag_app_cofares/Web_Cofares/.venv/lib/python3.11/site-packages/google/auth/credentials.py", line 202, in _blocking_refresh
    self.refresh(request)
  File "/Users/Gabriel/DataHub/rag_app_cofares/Web_Cofares/.venv/lib/python3.11/site-packages/google/oauth2/credentials.py", line 409, in refresh
    ) = reauth.refresh_grant(
        ^^^^^^^^^^^^^^^^^^^^^
  File "/Users/Gabriel/DataHub/rag_app_cofares/Web_Cofares/.venv/lib/python3.11/site-packages/google/oauth2/reauth.py", line 349, in refresh_grant
    raise exceptions.RefreshError(
google.auth.exceptions.RefreshError: Reauthentication is needed. Please run `gcloud auth application-default login` to reauthenticate.
2024-11-04 12:53:17,281 - ERROR - AuthMetadataPluginCallback "<google.auth.transport.grpc.AuthMetadataPlugin object at 0x116bc60d0>" raised exception!
Traceback (most recent call last):
  File "/Users/Gabriel/DataHub/rag_app_cofares/Web_Cofares/.venv/lib/python3.11/site-packages/grpc/_plugin_wrapping.py", line 105, in __call__
    self._metadata_plugin(
  File "/Users/Gabriel/DataHub/rag_app_cofares/Web_Cofares/.venv/lib/python3.11/site-packages/google/auth/transport/grpc.py", line 95, in __call__
    callback(self._get_authorization_headers(context), None)
             ^^^^^^^^^^^^^^^^^^^^^^^^^^^^^^^^^^^^^^^^
  File "/Users/Gabriel/DataHub/rag_app_cofares/Web_Cofares/.venv/lib/python3.11/site-packages/google/auth/transport/grpc.py", line 81, in _get_authorization_headers
    self._credentials.before_request(
  File "/Users/Gabriel/DataHub/rag_app_cofares/Web_Cofares/.venv/lib/python3.11/site-packages/google/auth/credentials.py", line 239, in before_request
    self._blocking_refresh(request)
  File "/Users/Gabriel/DataHub/rag_app_cofares/Web_Cofares/.venv/lib/python3.11/site-packages/google/auth/credentials.py", line 202, in _blocking_refresh
    self.refresh(request)
  File "/Users/Gabriel/DataHub/rag_app_cofares/Web_Cofares/.venv/lib/python3.11/site-packages/google/oauth2/credentials.py", line 409, in refresh
    ) = reauth.refresh_grant(
        ^^^^^^^^^^^^^^^^^^^^^
  File "/Users/Gabriel/DataHub/rag_app_cofares/Web_Cofares/.venv/lib/python3.11/site-packages/google/oauth2/reauth.py", line 349, in refresh_grant
    raise exceptions.RefreshError(
google.auth.exceptions.RefreshError: Reauthentication is needed. Please run `gcloud auth application-default login` to reauthenticate.
2024-11-04 12:53:17,363 - ERROR - AuthMetadataPluginCallback "<google.auth.transport.grpc.AuthMetadataPlugin object at 0x116bc60d0>" raised exception!
Traceback (most recent call last):
  File "/Users/Gabriel/DataHub/rag_app_cofares/Web_Cofares/.venv/lib/python3.11/site-packages/grpc/_plugin_wrapping.py", line 105, in __call__
    self._metadata_plugin(
  File "/Users/Gabriel/DataHub/rag_app_cofares/Web_Cofares/.venv/lib/python3.11/site-packages/google/auth/transport/grpc.py", line 95, in __call__
    callback(self._get_authorization_headers(context), None)
             ^^^^^^^^^^^^^^^^^^^^^^^^^^^^^^^^^^^^^^^^
  File "/Users/Gabriel/DataHub/rag_app_cofares/Web_Cofares/.venv/lib/python3.11/site-packages/google/auth/transport/grpc.py", line 81, in _get_authorization_headers
    self._credentials.before_request(
  File "/Users/Gabriel/DataHub/rag_app_cofares/Web_Cofares/.venv/lib/python3.11/site-packages/google/auth/credentials.py", line 239, in before_request
    self._blocking_refresh(request)
  File "/Users/Gabriel/DataHub/rag_app_cofares/Web_Cofares/.venv/lib/python3.11/site-packages/google/auth/credentials.py", line 202, in _blocking_refresh
    self.refresh(request)
  File "/Users/Gabriel/DataHub/rag_app_cofares/Web_Cofares/.venv/lib/python3.11/site-packages/google/oauth2/credentials.py", line 409, in refresh
    ) = reauth.refresh_grant(
        ^^^^^^^^^^^^^^^^^^^^^
  File "/Users/Gabriel/DataHub/rag_app_cofares/Web_Cofares/.venv/lib/python3.11/site-packages/google/oauth2/reauth.py", line 349, in refresh_grant
    raise exceptions.RefreshError(
google.auth.exceptions.RefreshError: Reauthentication is needed. Please run `gcloud auth application-default login` to reauthenticate.
2024-11-04 12:53:17,549 - ERROR - AuthMetadataPluginCallback "<google.auth.transport.grpc.AuthMetadataPlugin object at 0x116bc60d0>" raised exception!
Traceback (most recent call last):
  File "/Users/Gabriel/DataHub/rag_app_cofares/Web_Cofares/.venv/lib/python3.11/site-packages/grpc/_plugin_wrapping.py", line 105, in __call__
    self._metadata_plugin(
  File "/Users/Gabriel/DataHub/rag_app_cofares/Web_Cofares/.venv/lib/python3.11/site-packages/google/auth/transport/grpc.py", line 95, in __call__
    callback(self._get_authorization_headers(context), None)
             ^^^^^^^^^^^^^^^^^^^^^^^^^^^^^^^^^^^^^^^^
  File "/Users/Gabriel/DataHub/rag_app_cofares/Web_Cofares/.venv/lib/python3.11/site-packages/google/auth/transport/grpc.py", line 81, in _get_authorization_headers
    self._credentials.before_request(
  File "/Users/Gabriel/DataHub/rag_app_cofares/Web_Cofares/.venv/lib/python3.11/site-packages/google/auth/credentials.py", line 239, in before_request
    self._blocking_refresh(request)
  File "/Users/Gabriel/DataHub/rag_app_cofares/Web_Cofares/.venv/lib/python3.11/site-packages/google/auth/credentials.py", line 202, in _blocking_refresh
    self.refresh(request)
  File "/Users/Gabriel/DataHub/rag_app_cofares/Web_Cofares/.venv/lib/python3.11/site-packages/google/oauth2/credentials.py", line 409, in refresh
    ) = reauth.refresh_grant(
        ^^^^^^^^^^^^^^^^^^^^^
  File "/Users/Gabriel/DataHub/rag_app_cofares/Web_Cofares/.venv/lib/python3.11/site-packages/google/oauth2/reauth.py", line 349, in refresh_grant
    raise exceptions.RefreshError(
google.auth.exceptions.RefreshError: Reauthentication is needed. Please run `gcloud auth application-default login` to reauthenticate.
2024-11-04 12:53:17,695 - ERROR - AuthMetadataPluginCallback "<google.auth.transport.grpc.AuthMetadataPlugin object at 0x116bc60d0>" raised exception!
Traceback (most recent call last):
  File "/Users/Gabriel/DataHub/rag_app_cofares/Web_Cofares/.venv/lib/python3.11/site-packages/grpc/_plugin_wrapping.py", line 105, in __call__
    self._metadata_plugin(
  File "/Users/Gabriel/DataHub/rag_app_cofares/Web_Cofares/.venv/lib/python3.11/site-packages/google/auth/transport/grpc.py", line 95, in __call__
    callback(self._get_authorization_headers(context), None)
             ^^^^^^^^^^^^^^^^^^^^^^^^^^^^^^^^^^^^^^^^
  File "/Users/Gabriel/DataHub/rag_app_cofares/Web_Cofares/.venv/lib/python3.11/site-packages/google/auth/transport/grpc.py", line 81, in _get_authorization_headers
    self._credentials.before_request(
  File "/Users/Gabriel/DataHub/rag_app_cofares/Web_Cofares/.venv/lib/python3.11/site-packages/google/auth/credentials.py", line 239, in before_request
    self._blocking_refresh(request)
  File "/Users/Gabriel/DataHub/rag_app_cofares/Web_Cofares/.venv/lib/python3.11/site-packages/google/auth/credentials.py", line 202, in _blocking_refresh
    self.refresh(request)
  File "/Users/Gabriel/DataHub/rag_app_cofares/Web_Cofares/.venv/lib/python3.11/site-packages/google/oauth2/credentials.py", line 409, in refresh
    ) = reauth.refresh_grant(
        ^^^^^^^^^^^^^^^^^^^^^
  File "/Users/Gabriel/DataHub/rag_app_cofares/Web_Cofares/.venv/lib/python3.11/site-packages/google/oauth2/reauth.py", line 349, in refresh_grant
    raise exceptions.RefreshError(
google.auth.exceptions.RefreshError: Reauthentication is needed. Please run `gcloud auth application-default login` to reauthenticate.
2024-11-04 12:53:17,964 - ERROR - AuthMetadataPluginCallback "<google.auth.transport.grpc.AuthMetadataPlugin object at 0x116bc60d0>" raised exception!
Traceback (most recent call last):
  File "/Users/Gabriel/DataHub/rag_app_cofares/Web_Cofares/.venv/lib/python3.11/site-packages/grpc/_plugin_wrapping.py", line 105, in __call__
    self._metadata_plugin(
  File "/Users/Gabriel/DataHub/rag_app_cofares/Web_Cofares/.venv/lib/python3.11/site-packages/google/auth/transport/grpc.py", line 95, in __call__
    callback(self._get_authorization_headers(context), None)
             ^^^^^^^^^^^^^^^^^^^^^^^^^^^^^^^^^^^^^^^^
  File "/Users/Gabriel/DataHub/rag_app_cofares/Web_Cofares/.venv/lib/python3.11/site-packages/google/auth/transport/grpc.py", line 81, in _get_authorization_headers
    self._credentials.before_request(
  File "/Users/Gabriel/DataHub/rag_app_cofares/Web_Cofares/.venv/lib/python3.11/site-packages/google/auth/credentials.py", line 239, in before_request
    self._blocking_refresh(request)
  File "/Users/Gabriel/DataHub/rag_app_cofares/Web_Cofares/.venv/lib/python3.11/site-packages/google/auth/credentials.py", line 202, in _blocking_refresh
    self.refresh(request)
  File "/Users/Gabriel/DataHub/rag_app_cofares/Web_Cofares/.venv/lib/python3.11/site-packages/google/oauth2/credentials.py", line 409, in refresh
    ) = reauth.refresh_grant(
        ^^^^^^^^^^^^^^^^^^^^^
  File "/Users/Gabriel/DataHub/rag_app_cofares/Web_Cofares/.venv/lib/python3.11/site-packages/google/oauth2/reauth.py", line 349, in refresh_grant
    raise exceptions.RefreshError(
google.auth.exceptions.RefreshError: Reauthentication is needed. Please run `gcloud auth application-default login` to reauthenticate.
2024-11-04 12:53:18,097 - ERROR - AuthMetadataPluginCallback "<google.auth.transport.grpc.AuthMetadataPlugin object at 0x116bc60d0>" raised exception!
Traceback (most recent call last):
  File "/Users/Gabriel/DataHub/rag_app_cofares/Web_Cofares/.venv/lib/python3.11/site-packages/grpc/_plugin_wrapping.py", line 105, in __call__
    self._metadata_plugin(
  File "/Users/Gabriel/DataHub/rag_app_cofares/Web_Cofares/.venv/lib/python3.11/site-packages/google/auth/transport/grpc.py", line 95, in __call__
    callback(self._get_authorization_headers(context), None)
             ^^^^^^^^^^^^^^^^^^^^^^^^^^^^^^^^^^^^^^^^
  File "/Users/Gabriel/DataHub/rag_app_cofares/Web_Cofares/.venv/lib/python3.11/site-packages/google/auth/transport/grpc.py", line 81, in _get_authorization_headers
    self._credentials.before_request(
  File "/Users/Gabriel/DataHub/rag_app_cofares/Web_Cofares/.venv/lib/python3.11/site-packages/google/auth/credentials.py", line 239, in before_request
    self._blocking_refresh(request)
  File "/Users/Gabriel/DataHub/rag_app_cofares/Web_Cofares/.venv/lib/python3.11/site-packages/google/auth/credentials.py", line 202, in _blocking_refresh
    self.refresh(request)
  File "/Users/Gabriel/DataHub/rag_app_cofares/Web_Cofares/.venv/lib/python3.11/site-packages/google/oauth2/credentials.py", line 409, in refresh
    ) = reauth.refresh_grant(
        ^^^^^^^^^^^^^^^^^^^^^
  File "/Users/Gabriel/DataHub/rag_app_cofares/Web_Cofares/.venv/lib/python3.11/site-packages/google/oauth2/reauth.py", line 349, in refresh_grant
    raise exceptions.RefreshError(
google.auth.exceptions.RefreshError: Reauthentication is needed. Please run `gcloud auth application-default login` to reauthenticate.
2024-11-04 12:53:18,519 - ERROR - AuthMetadataPluginCallback "<google.auth.transport.grpc.AuthMetadataPlugin object at 0x116bc60d0>" raised exception!
Traceback (most recent call last):
  File "/Users/Gabriel/DataHub/rag_app_cofares/Web_Cofares/.venv/lib/python3.11/site-packages/grpc/_plugin_wrapping.py", line 105, in __call__
    self._metadata_plugin(
  File "/Users/Gabriel/DataHub/rag_app_cofares/Web_Cofares/.venv/lib/python3.11/site-packages/google/auth/transport/grpc.py", line 95, in __call__
    callback(self._get_authorization_headers(context), None)
             ^^^^^^^^^^^^^^^^^^^^^^^^^^^^^^^^^^^^^^^^
  File "/Users/Gabriel/DataHub/rag_app_cofares/Web_Cofares/.venv/lib/python3.11/site-packages/google/auth/transport/grpc.py", line 81, in _get_authorization_headers
    self._credentials.before_request(
  File "/Users/Gabriel/DataHub/rag_app_cofares/Web_Cofares/.venv/lib/python3.11/site-packages/google/auth/credentials.py", line 239, in before_request
    self._blocking_refresh(request)
  File "/Users/Gabriel/DataHub/rag_app_cofares/Web_Cofares/.venv/lib/python3.11/site-packages/google/auth/credentials.py", line 202, in _blocking_refresh
    self.refresh(request)
  File "/Users/Gabriel/DataHub/rag_app_cofares/Web_Cofares/.venv/lib/python3.11/site-packages/google/oauth2/credentials.py", line 409, in refresh
    ) = reauth.refresh_grant(
        ^^^^^^^^^^^^^^^^^^^^^
  File "/Users/Gabriel/DataHub/rag_app_cofares/Web_Cofares/.venv/lib/python3.11/site-packages/google/oauth2/reauth.py", line 349, in refresh_grant
    raise exceptions.RefreshError(
google.auth.exceptions.RefreshError: Reauthentication is needed. Please run `gcloud auth application-default login` to reauthenticate.
2024-11-04 12:53:18,748 - ERROR - AuthMetadataPluginCallback "<google.auth.transport.grpc.AuthMetadataPlugin object at 0x116bc60d0>" raised exception!
Traceback (most recent call last):
  File "/Users/Gabriel/DataHub/rag_app_cofares/Web_Cofares/.venv/lib/python3.11/site-packages/grpc/_plugin_wrapping.py", line 105, in __call__
    self._metadata_plugin(
  File "/Users/Gabriel/DataHub/rag_app_cofares/Web_Cofares/.venv/lib/python3.11/site-packages/google/auth/transport/grpc.py", line 95, in __call__
    callback(self._get_authorization_headers(context), None)
             ^^^^^^^^^^^^^^^^^^^^^^^^^^^^^^^^^^^^^^^^
  File "/Users/Gabriel/DataHub/rag_app_cofares/Web_Cofares/.venv/lib/python3.11/site-packages/google/auth/transport/grpc.py", line 81, in _get_authorization_headers
    self._credentials.before_request(
  File "/Users/Gabriel/DataHub/rag_app_cofares/Web_Cofares/.venv/lib/python3.11/site-packages/google/auth/credentials.py", line 239, in before_request
    self._blocking_refresh(request)
  File "/Users/Gabriel/DataHub/rag_app_cofares/Web_Cofares/.venv/lib/python3.11/site-packages/google/auth/credentials.py", line 202, in _blocking_refresh
    self.refresh(request)
  File "/Users/Gabriel/DataHub/rag_app_cofares/Web_Cofares/.venv/lib/python3.11/site-packages/google/oauth2/credentials.py", line 409, in refresh
    ) = reauth.refresh_grant(
        ^^^^^^^^^^^^^^^^^^^^^
  File "/Users/Gabriel/DataHub/rag_app_cofares/Web_Cofares/.venv/lib/python3.11/site-packages/google/oauth2/reauth.py", line 349, in refresh_grant
    raise exceptions.RefreshError(
google.auth.exceptions.RefreshError: Reauthentication is needed. Please run `gcloud auth application-default login` to reauthenticate.
2024-11-04 12:53:18,951 - ERROR - AuthMetadataPluginCallback "<google.auth.transport.grpc.AuthMetadataPlugin object at 0x116bc60d0>" raised exception!
Traceback (most recent call last):
  File "/Users/Gabriel/DataHub/rag_app_cofares/Web_Cofares/.venv/lib/python3.11/site-packages/grpc/_plugin_wrapping.py", line 105, in __call__
    self._metadata_plugin(
  File "/Users/Gabriel/DataHub/rag_app_cofares/Web_Cofares/.venv/lib/python3.11/site-packages/google/auth/transport/grpc.py", line 95, in __call__
    callback(self._get_authorization_headers(context), None)
             ^^^^^^^^^^^^^^^^^^^^^^^^^^^^^^^^^^^^^^^^
  File "/Users/Gabriel/DataHub/rag_app_cofares/Web_Cofares/.venv/lib/python3.11/site-packages/google/auth/transport/grpc.py", line 81, in _get_authorization_headers
    self._credentials.before_request(
  File "/Users/Gabriel/DataHub/rag_app_cofares/Web_Cofares/.venv/lib/python3.11/site-packages/google/auth/credentials.py", line 239, in before_request
    self._blocking_refresh(request)
  File "/Users/Gabriel/DataHub/rag_app_cofares/Web_Cofares/.venv/lib/python3.11/site-packages/google/auth/credentials.py", line 202, in _blocking_refresh
    self.refresh(request)
  File "/Users/Gabriel/DataHub/rag_app_cofares/Web_Cofares/.venv/lib/python3.11/site-packages/google/oauth2/credentials.py", line 409, in refresh
    ) = reauth.refresh_grant(
        ^^^^^^^^^^^^^^^^^^^^^
  File "/Users/Gabriel/DataHub/rag_app_cofares/Web_Cofares/.venv/lib/python3.11/site-packages/google/oauth2/reauth.py", line 349, in refresh_grant
    raise exceptions.RefreshError(
google.auth.exceptions.RefreshError: Reauthentication is needed. Please run `gcloud auth application-default login` to reauthenticate.
2024-11-04 12:53:19,609 - ERROR - AuthMetadataPluginCallback "<google.auth.transport.grpc.AuthMetadataPlugin object at 0x116bc60d0>" raised exception!
Traceback (most recent call last):
  File "/Users/Gabriel/DataHub/rag_app_cofares/Web_Cofares/.venv/lib/python3.11/site-packages/grpc/_plugin_wrapping.py", line 105, in __call__
    self._metadata_plugin(
  File "/Users/Gabriel/DataHub/rag_app_cofares/Web_Cofares/.venv/lib/python3.11/site-packages/google/auth/transport/grpc.py", line 95, in __call__
    callback(self._get_authorization_headers(context), None)
             ^^^^^^^^^^^^^^^^^^^^^^^^^^^^^^^^^^^^^^^^
  File "/Users/Gabriel/DataHub/rag_app_cofares/Web_Cofares/.venv/lib/python3.11/site-packages/google/auth/transport/grpc.py", line 81, in _get_authorization_headers
    self._credentials.before_request(
  File "/Users/Gabriel/DataHub/rag_app_cofares/Web_Cofares/.venv/lib/python3.11/site-packages/google/auth/credentials.py", line 239, in before_request
    self._blocking_refresh(request)
  File "/Users/Gabriel/DataHub/rag_app_cofares/Web_Cofares/.venv/lib/python3.11/site-packages/google/auth/credentials.py", line 202, in _blocking_refresh
    self.refresh(request)
  File "/Users/Gabriel/DataHub/rag_app_cofares/Web_Cofares/.venv/lib/python3.11/site-packages/google/oauth2/credentials.py", line 409, in refresh
    ) = reauth.refresh_grant(
        ^^^^^^^^^^^^^^^^^^^^^
  File "/Users/Gabriel/DataHub/rag_app_cofares/Web_Cofares/.venv/lib/python3.11/site-packages/google/oauth2/reauth.py", line 349, in refresh_grant
    raise exceptions.RefreshError(
google.auth.exceptions.RefreshError: Reauthentication is needed. Please run `gcloud auth application-default login` to reauthenticate.
2024-11-04 12:53:21,038 - ERROR - AuthMetadataPluginCallback "<google.auth.transport.grpc.AuthMetadataPlugin object at 0x116bc60d0>" raised exception!
Traceback (most recent call last):
  File "/Users/Gabriel/DataHub/rag_app_cofares/Web_Cofares/.venv/lib/python3.11/site-packages/grpc/_plugin_wrapping.py", line 105, in __call__
    self._metadata_plugin(
  File "/Users/Gabriel/DataHub/rag_app_cofares/Web_Cofares/.venv/lib/python3.11/site-packages/google/auth/transport/grpc.py", line 95, in __call__
    callback(self._get_authorization_headers(context), None)
             ^^^^^^^^^^^^^^^^^^^^^^^^^^^^^^^^^^^^^^^^
  File "/Users/Gabriel/DataHub/rag_app_cofares/Web_Cofares/.venv/lib/python3.11/site-packages/google/auth/transport/grpc.py", line 81, in _get_authorization_headers
    self._credentials.before_request(
  File "/Users/Gabriel/DataHub/rag_app_cofares/Web_Cofares/.venv/lib/python3.11/site-packages/google/auth/credentials.py", line 239, in before_request
    self._blocking_refresh(request)
  File "/Users/Gabriel/DataHub/rag_app_cofares/Web_Cofares/.venv/lib/python3.11/site-packages/google/auth/credentials.py", line 202, in _blocking_refresh
    self.refresh(request)
  File "/Users/Gabriel/DataHub/rag_app_cofares/Web_Cofares/.venv/lib/python3.11/site-packages/google/oauth2/credentials.py", line 409, in refresh
    ) = reauth.refresh_grant(
        ^^^^^^^^^^^^^^^^^^^^^
  File "/Users/Gabriel/DataHub/rag_app_cofares/Web_Cofares/.venv/lib/python3.11/site-packages/google/oauth2/reauth.py", line 349, in refresh_grant
    raise exceptions.RefreshError(
google.auth.exceptions.RefreshError: Reauthentication is needed. Please run `gcloud auth application-default login` to reauthenticate.
2024-11-04 12:53:22,107 - ERROR - AuthMetadataPluginCallback "<google.auth.transport.grpc.AuthMetadataPlugin object at 0x116bc60d0>" raised exception!
Traceback (most recent call last):
  File "/Users/Gabriel/DataHub/rag_app_cofares/Web_Cofares/.venv/lib/python3.11/site-packages/grpc/_plugin_wrapping.py", line 105, in __call__
    self._metadata_plugin(
  File "/Users/Gabriel/DataHub/rag_app_cofares/Web_Cofares/.venv/lib/python3.11/site-packages/google/auth/transport/grpc.py", line 95, in __call__
    callback(self._get_authorization_headers(context), None)
             ^^^^^^^^^^^^^^^^^^^^^^^^^^^^^^^^^^^^^^^^
  File "/Users/Gabriel/DataHub/rag_app_cofares/Web_Cofares/.venv/lib/python3.11/site-packages/google/auth/transport/grpc.py", line 81, in _get_authorization_headers
    self._credentials.before_request(
  File "/Users/Gabriel/DataHub/rag_app_cofares/Web_Cofares/.venv/lib/python3.11/site-packages/google/auth/credentials.py", line 239, in before_request
    self._blocking_refresh(request)
  File "/Users/Gabriel/DataHub/rag_app_cofares/Web_Cofares/.venv/lib/python3.11/site-packages/google/auth/credentials.py", line 202, in _blocking_refresh
    self.refresh(request)
  File "/Users/Gabriel/DataHub/rag_app_cofares/Web_Cofares/.venv/lib/python3.11/site-packages/google/oauth2/credentials.py", line 409, in refresh
    ) = reauth.refresh_grant(
        ^^^^^^^^^^^^^^^^^^^^^
  File "/Users/Gabriel/DataHub/rag_app_cofares/Web_Cofares/.venv/lib/python3.11/site-packages/google/oauth2/reauth.py", line 349, in refresh_grant
    raise exceptions.RefreshError(
google.auth.exceptions.RefreshError: Reauthentication is needed. Please run `gcloud auth application-default login` to reauthenticate.
2024-11-04 12:53:22,881 - ERROR - AuthMetadataPluginCallback "<google.auth.transport.grpc.AuthMetadataPlugin object at 0x116bc60d0>" raised exception!
Traceback (most recent call last):
  File "/Users/Gabriel/DataHub/rag_app_cofares/Web_Cofares/.venv/lib/python3.11/site-packages/grpc/_plugin_wrapping.py", line 105, in __call__
    self._metadata_plugin(
  File "/Users/Gabriel/DataHub/rag_app_cofares/Web_Cofares/.venv/lib/python3.11/site-packages/google/auth/transport/grpc.py", line 95, in __call__
    callback(self._get_authorization_headers(context), None)
             ^^^^^^^^^^^^^^^^^^^^^^^^^^^^^^^^^^^^^^^^
  File "/Users/Gabriel/DataHub/rag_app_cofares/Web_Cofares/.venv/lib/python3.11/site-packages/google/auth/transport/grpc.py", line 81, in _get_authorization_headers
    self._credentials.before_request(
  File "/Users/Gabriel/DataHub/rag_app_cofares/Web_Cofares/.venv/lib/python3.11/site-packages/google/auth/credentials.py", line 239, in before_request
    self._blocking_refresh(request)
  File "/Users/Gabriel/DataHub/rag_app_cofares/Web_Cofares/.venv/lib/python3.11/site-packages/google/auth/credentials.py", line 202, in _blocking_refresh
    self.refresh(request)
  File "/Users/Gabriel/DataHub/rag_app_cofares/Web_Cofares/.venv/lib/python3.11/site-packages/google/oauth2/credentials.py", line 409, in refresh
    ) = reauth.refresh_grant(
        ^^^^^^^^^^^^^^^^^^^^^
  File "/Users/Gabriel/DataHub/rag_app_cofares/Web_Cofares/.venv/lib/python3.11/site-packages/google/oauth2/reauth.py", line 349, in refresh_grant
    raise exceptions.RefreshError(
google.auth.exceptions.RefreshError: Reauthentication is needed. Please run `gcloud auth application-default login` to reauthenticate.
2024-11-04 12:53:25,060 - ERROR - AuthMetadataPluginCallback "<google.auth.transport.grpc.AuthMetadataPlugin object at 0x116bc60d0>" raised exception!
Traceback (most recent call last):
  File "/Users/Gabriel/DataHub/rag_app_cofares/Web_Cofares/.venv/lib/python3.11/site-packages/grpc/_plugin_wrapping.py", line 105, in __call__
    self._metadata_plugin(
  File "/Users/Gabriel/DataHub/rag_app_cofares/Web_Cofares/.venv/lib/python3.11/site-packages/google/auth/transport/grpc.py", line 95, in __call__
    callback(self._get_authorization_headers(context), None)
             ^^^^^^^^^^^^^^^^^^^^^^^^^^^^^^^^^^^^^^^^
  File "/Users/Gabriel/DataHub/rag_app_cofares/Web_Cofares/.venv/lib/python3.11/site-packages/google/auth/transport/grpc.py", line 81, in _get_authorization_headers
    self._credentials.before_request(
  File "/Users/Gabriel/DataHub/rag_app_cofares/Web_Cofares/.venv/lib/python3.11/site-packages/google/auth/credentials.py", line 239, in before_request
    self._blocking_refresh(request)
  File "/Users/Gabriel/DataHub/rag_app_cofares/Web_Cofares/.venv/lib/python3.11/site-packages/google/auth/credentials.py", line 202, in _blocking_refresh
    self.refresh(request)
  File "/Users/Gabriel/DataHub/rag_app_cofares/Web_Cofares/.venv/lib/python3.11/site-packages/google/oauth2/credentials.py", line 409, in refresh
    ) = reauth.refresh_grant(
        ^^^^^^^^^^^^^^^^^^^^^
  File "/Users/Gabriel/DataHub/rag_app_cofares/Web_Cofares/.venv/lib/python3.11/site-packages/google/oauth2/reauth.py", line 349, in refresh_grant
    raise exceptions.RefreshError(
google.auth.exceptions.RefreshError: Reauthentication is needed. Please run `gcloud auth application-default login` to reauthenticate.
2024-11-04 12:53:26,230 - ERROR - AuthMetadataPluginCallback "<google.auth.transport.grpc.AuthMetadataPlugin object at 0x116bc60d0>" raised exception!
Traceback (most recent call last):
  File "/Users/Gabriel/DataHub/rag_app_cofares/Web_Cofares/.venv/lib/python3.11/site-packages/grpc/_plugin_wrapping.py", line 105, in __call__
    self._metadata_plugin(
  File "/Users/Gabriel/DataHub/rag_app_cofares/Web_Cofares/.venv/lib/python3.11/site-packages/google/auth/transport/grpc.py", line 95, in __call__
    callback(self._get_authorization_headers(context), None)
             ^^^^^^^^^^^^^^^^^^^^^^^^^^^^^^^^^^^^^^^^
  File "/Users/Gabriel/DataHub/rag_app_cofares/Web_Cofares/.venv/lib/python3.11/site-packages/google/auth/transport/grpc.py", line 81, in _get_authorization_headers
    self._credentials.before_request(
  File "/Users/Gabriel/DataHub/rag_app_cofares/Web_Cofares/.venv/lib/python3.11/site-packages/google/auth/credentials.py", line 239, in before_request
    self._blocking_refresh(request)
  File "/Users/Gabriel/DataHub/rag_app_cofares/Web_Cofares/.venv/lib/python3.11/site-packages/google/auth/credentials.py", line 202, in _blocking_refresh
    self.refresh(request)
  File "/Users/Gabriel/DataHub/rag_app_cofares/Web_Cofares/.venv/lib/python3.11/site-packages/google/oauth2/credentials.py", line 409, in refresh
    ) = reauth.refresh_grant(
        ^^^^^^^^^^^^^^^^^^^^^
  File "/Users/Gabriel/DataHub/rag_app_cofares/Web_Cofares/.venv/lib/python3.11/site-packages/google/oauth2/reauth.py", line 349, in refresh_grant
    raise exceptions.RefreshError(
google.auth.exceptions.RefreshError: Reauthentication is needed. Please run `gcloud auth application-default login` to reauthenticate.
2024-11-04 12:53:29,128 - ERROR - AuthMetadataPluginCallback "<google.auth.transport.grpc.AuthMetadataPlugin object at 0x116bc60d0>" raised exception!
Traceback (most recent call last):
  File "/Users/Gabriel/DataHub/rag_app_cofares/Web_Cofares/.venv/lib/python3.11/site-packages/grpc/_plugin_wrapping.py", line 105, in __call__
    self._metadata_plugin(
  File "/Users/Gabriel/DataHub/rag_app_cofares/Web_Cofares/.venv/lib/python3.11/site-packages/google/auth/transport/grpc.py", line 95, in __call__
    callback(self._get_authorization_headers(context), None)
             ^^^^^^^^^^^^^^^^^^^^^^^^^^^^^^^^^^^^^^^^
  File "/Users/Gabriel/DataHub/rag_app_cofares/Web_Cofares/.venv/lib/python3.11/site-packages/google/auth/transport/grpc.py", line 81, in _get_authorization_headers
    self._credentials.before_request(
  File "/Users/Gabriel/DataHub/rag_app_cofares/Web_Cofares/.venv/lib/python3.11/site-packages/google/auth/credentials.py", line 239, in before_request
    self._blocking_refresh(request)
  File "/Users/Gabriel/DataHub/rag_app_cofares/Web_Cofares/.venv/lib/python3.11/site-packages/google/auth/credentials.py", line 202, in _blocking_refresh
    self.refresh(request)
  File "/Users/Gabriel/DataHub/rag_app_cofares/Web_Cofares/.venv/lib/python3.11/site-packages/google/oauth2/credentials.py", line 409, in refresh
    ) = reauth.refresh_grant(
        ^^^^^^^^^^^^^^^^^^^^^
  File "/Users/Gabriel/DataHub/rag_app_cofares/Web_Cofares/.venv/lib/python3.11/site-packages/google/oauth2/reauth.py", line 349, in refresh_grant
    raise exceptions.RefreshError(
google.auth.exceptions.RefreshError: Reauthentication is needed. Please run `gcloud auth application-default login` to reauthenticate.
2024-11-04 12:53:33,188 - ERROR - AuthMetadataPluginCallback "<google.auth.transport.grpc.AuthMetadataPlugin object at 0x116bc60d0>" raised exception!
Traceback (most recent call last):
  File "/Users/Gabriel/DataHub/rag_app_cofares/Web_Cofares/.venv/lib/python3.11/site-packages/grpc/_plugin_wrapping.py", line 105, in __call__
    self._metadata_plugin(
  File "/Users/Gabriel/DataHub/rag_app_cofares/Web_Cofares/.venv/lib/python3.11/site-packages/google/auth/transport/grpc.py", line 95, in __call__
    callback(self._get_authorization_headers(context), None)
             ^^^^^^^^^^^^^^^^^^^^^^^^^^^^^^^^^^^^^^^^
  File "/Users/Gabriel/DataHub/rag_app_cofares/Web_Cofares/.venv/lib/python3.11/site-packages/google/auth/transport/grpc.py", line 81, in _get_authorization_headers
    self._credentials.before_request(
  File "/Users/Gabriel/DataHub/rag_app_cofares/Web_Cofares/.venv/lib/python3.11/site-packages/google/auth/credentials.py", line 239, in before_request
    self._blocking_refresh(request)
  File "/Users/Gabriel/DataHub/rag_app_cofares/Web_Cofares/.venv/lib/python3.11/site-packages/google/auth/credentials.py", line 202, in _blocking_refresh
    self.refresh(request)
  File "/Users/Gabriel/DataHub/rag_app_cofares/Web_Cofares/.venv/lib/python3.11/site-packages/google/oauth2/credentials.py", line 409, in refresh
    ) = reauth.refresh_grant(
        ^^^^^^^^^^^^^^^^^^^^^
  File "/Users/Gabriel/DataHub/rag_app_cofares/Web_Cofares/.venv/lib/python3.11/site-packages/google/oauth2/reauth.py", line 349, in refresh_grant
    raise exceptions.RefreshError(
google.auth.exceptions.RefreshError: Reauthentication is needed. Please run `gcloud auth application-default login` to reauthenticate.
2024-11-04 12:53:39,579 - ERROR - AuthMetadataPluginCallback "<google.auth.transport.grpc.AuthMetadataPlugin object at 0x116bc60d0>" raised exception!
Traceback (most recent call last):
  File "/Users/Gabriel/DataHub/rag_app_cofares/Web_Cofares/.venv/lib/python3.11/site-packages/grpc/_plugin_wrapping.py", line 105, in __call__
    self._metadata_plugin(
  File "/Users/Gabriel/DataHub/rag_app_cofares/Web_Cofares/.venv/lib/python3.11/site-packages/google/auth/transport/grpc.py", line 95, in __call__
    callback(self._get_authorization_headers(context), None)
             ^^^^^^^^^^^^^^^^^^^^^^^^^^^^^^^^^^^^^^^^
  File "/Users/Gabriel/DataHub/rag_app_cofares/Web_Cofares/.venv/lib/python3.11/site-packages/google/auth/transport/grpc.py", line 81, in _get_authorization_headers
    self._credentials.before_request(
  File "/Users/Gabriel/DataHub/rag_app_cofares/Web_Cofares/.venv/lib/python3.11/site-packages/google/auth/credentials.py", line 239, in before_request
    self._blocking_refresh(request)
  File "/Users/Gabriel/DataHub/rag_app_cofares/Web_Cofares/.venv/lib/python3.11/site-packages/google/auth/credentials.py", line 202, in _blocking_refresh
    self.refresh(request)
  File "/Users/Gabriel/DataHub/rag_app_cofares/Web_Cofares/.venv/lib/python3.11/site-packages/google/oauth2/credentials.py", line 409, in refresh
    ) = reauth.refresh_grant(
        ^^^^^^^^^^^^^^^^^^^^^
  File "/Users/Gabriel/DataHub/rag_app_cofares/Web_Cofares/.venv/lib/python3.11/site-packages/google/oauth2/reauth.py", line 349, in refresh_grant
    raise exceptions.RefreshError(
google.auth.exceptions.RefreshError: Reauthentication is needed. Please run `gcloud auth application-default login` to reauthenticate.
2024-11-04 12:53:40,531 - ERROR - AuthMetadataPluginCallback "<google.auth.transport.grpc.AuthMetadataPlugin object at 0x116bc60d0>" raised exception!
Traceback (most recent call last):
  File "/Users/Gabriel/DataHub/rag_app_cofares/Web_Cofares/.venv/lib/python3.11/site-packages/grpc/_plugin_wrapping.py", line 105, in __call__
    self._metadata_plugin(
  File "/Users/Gabriel/DataHub/rag_app_cofares/Web_Cofares/.venv/lib/python3.11/site-packages/google/auth/transport/grpc.py", line 95, in __call__
    callback(self._get_authorization_headers(context), None)
             ^^^^^^^^^^^^^^^^^^^^^^^^^^^^^^^^^^^^^^^^
  File "/Users/Gabriel/DataHub/rag_app_cofares/Web_Cofares/.venv/lib/python3.11/site-packages/google/auth/transport/grpc.py", line 81, in _get_authorization_headers
    self._credentials.before_request(
  File "/Users/Gabriel/DataHub/rag_app_cofares/Web_Cofares/.venv/lib/python3.11/site-packages/google/auth/credentials.py", line 239, in before_request
    self._blocking_refresh(request)
  File "/Users/Gabriel/DataHub/rag_app_cofares/Web_Cofares/.venv/lib/python3.11/site-packages/google/auth/credentials.py", line 202, in _blocking_refresh
    self.refresh(request)
  File "/Users/Gabriel/DataHub/rag_app_cofares/Web_Cofares/.venv/lib/python3.11/site-packages/google/oauth2/credentials.py", line 409, in refresh
    ) = reauth.refresh_grant(
        ^^^^^^^^^^^^^^^^^^^^^
  File "/Users/Gabriel/DataHub/rag_app_cofares/Web_Cofares/.venv/lib/python3.11/site-packages/google/oauth2/reauth.py", line 349, in refresh_grant
    raise exceptions.RefreshError(
google.auth.exceptions.RefreshError: Reauthentication is needed. Please run `gcloud auth application-default login` to reauthenticate.
2024-11-04 12:53:54,083 - ERROR - AuthMetadataPluginCallback "<google.auth.transport.grpc.AuthMetadataPlugin object at 0x116bc60d0>" raised exception!
Traceback (most recent call last):
  File "/Users/Gabriel/DataHub/rag_app_cofares/Web_Cofares/.venv/lib/python3.11/site-packages/grpc/_plugin_wrapping.py", line 105, in __call__
    self._metadata_plugin(
  File "/Users/Gabriel/DataHub/rag_app_cofares/Web_Cofares/.venv/lib/python3.11/site-packages/google/auth/transport/grpc.py", line 95, in __call__
    callback(self._get_authorization_headers(context), None)
             ^^^^^^^^^^^^^^^^^^^^^^^^^^^^^^^^^^^^^^^^
  File "/Users/Gabriel/DataHub/rag_app_cofares/Web_Cofares/.venv/lib/python3.11/site-packages/google/auth/transport/grpc.py", line 81, in _get_authorization_headers
    self._credentials.before_request(
  File "/Users/Gabriel/DataHub/rag_app_cofares/Web_Cofares/.venv/lib/python3.11/site-packages/google/auth/credentials.py", line 239, in before_request
    self._blocking_refresh(request)
  File "/Users/Gabriel/DataHub/rag_app_cofares/Web_Cofares/.venv/lib/python3.11/site-packages/google/auth/credentials.py", line 202, in _blocking_refresh
    self.refresh(request)
  File "/Users/Gabriel/DataHub/rag_app_cofares/Web_Cofares/.venv/lib/python3.11/site-packages/google/oauth2/credentials.py", line 409, in refresh
    ) = reauth.refresh_grant(
        ^^^^^^^^^^^^^^^^^^^^^
  File "/Users/Gabriel/DataHub/rag_app_cofares/Web_Cofares/.venv/lib/python3.11/site-packages/google/oauth2/reauth.py", line 349, in refresh_grant
    raise exceptions.RefreshError(
google.auth.exceptions.RefreshError: Reauthentication is needed. Please run `gcloud auth application-default login` to reauthenticate.
2024-11-04 12:54:03,860 - ERROR - AuthMetadataPluginCallback "<google.auth.transport.grpc.AuthMetadataPlugin object at 0x116bc60d0>" raised exception!
Traceback (most recent call last):
  File "/Users/Gabriel/DataHub/rag_app_cofares/Web_Cofares/.venv/lib/python3.11/site-packages/grpc/_plugin_wrapping.py", line 105, in __call__
    self._metadata_plugin(
  File "/Users/Gabriel/DataHub/rag_app_cofares/Web_Cofares/.venv/lib/python3.11/site-packages/google/auth/transport/grpc.py", line 95, in __call__
    callback(self._get_authorization_headers(context), None)
             ^^^^^^^^^^^^^^^^^^^^^^^^^^^^^^^^^^^^^^^^
  File "/Users/Gabriel/DataHub/rag_app_cofares/Web_Cofares/.venv/lib/python3.11/site-packages/google/auth/transport/grpc.py", line 81, in _get_authorization_headers
    self._credentials.before_request(
  File "/Users/Gabriel/DataHub/rag_app_cofares/Web_Cofares/.venv/lib/python3.11/site-packages/google/auth/credentials.py", line 239, in before_request
    self._blocking_refresh(request)
  File "/Users/Gabriel/DataHub/rag_app_cofares/Web_Cofares/.venv/lib/python3.11/site-packages/google/auth/credentials.py", line 202, in _blocking_refresh
    self.refresh(request)
  File "/Users/Gabriel/DataHub/rag_app_cofares/Web_Cofares/.venv/lib/python3.11/site-packages/google/oauth2/credentials.py", line 409, in refresh
    ) = reauth.refresh_grant(
        ^^^^^^^^^^^^^^^^^^^^^
  File "/Users/Gabriel/DataHub/rag_app_cofares/Web_Cofares/.venv/lib/python3.11/site-packages/google/oauth2/reauth.py", line 349, in refresh_grant
    raise exceptions.RefreshError(
google.auth.exceptions.RefreshError: Reauthentication is needed. Please run `gcloud auth application-default login` to reauthenticate.
2024-11-04 12:54:03,863 - WARNING - Failed to convert project number to project ID.
Traceback (most recent call last):
  File "/Users/Gabriel/DataHub/rag_app_cofares/Web_Cofares/.venv/lib/python3.11/site-packages/google/api_core/grpc_helpers.py", line 76, in error_remapped_callable
    return callable_(*args, **kwargs)
           ^^^^^^^^^^^^^^^^^^^^^^^^^^
  File "/Users/Gabriel/DataHub/rag_app_cofares/Web_Cofares/.venv/lib/python3.11/site-packages/grpc/_channel.py", line 1181, in __call__
    return _end_unary_response_blocking(state, call, False, None)
           ^^^^^^^^^^^^^^^^^^^^^^^^^^^^^^^^^^^^^^^^^^^^^^^^^^^^^^
  File "/Users/Gabriel/DataHub/rag_app_cofares/Web_Cofares/.venv/lib/python3.11/site-packages/grpc/_channel.py", line 1006, in _end_unary_response_blocking
    raise _InactiveRpcError(state)  # pytype: disable=not-instantiable
    ^^^^^^^^^^^^^^^^^^^^^^^^^^^^^^
grpc._channel._InactiveRpcError: <_InactiveRpcError of RPC that terminated with:
	status = StatusCode.UNAVAILABLE
	details = "Getting metadata from plugin failed with error: Reauthentication is needed. Please run `gcloud auth application-default login` to reauthenticate."
	debug_error_string = "UNKNOWN:Error received from peer  {grpc_message:"Getting metadata from plugin failed with error: Reauthentication is needed. Please run `gcloud auth application-default login` to reauthenticate.", grpc_status:14, created_time:"2024-11-04T12:54:03.862559+01:00"}"
>

The above exception was the direct cause of the following exception:

Traceback (most recent call last):
  File "/Users/Gabriel/DataHub/rag_app_cofares/Web_Cofares/.venv/lib/python3.11/site-packages/google/api_core/retry/retry_unary.py", line 144, in retry_target
    result = target()
             ^^^^^^^^
  File "/Users/Gabriel/DataHub/rag_app_cofares/Web_Cofares/.venv/lib/python3.11/site-packages/google/api_core/timeout.py", line 120, in func_with_timeout
    return func(*args, **kwargs)
           ^^^^^^^^^^^^^^^^^^^^^
  File "/Users/Gabriel/DataHub/rag_app_cofares/Web_Cofares/.venv/lib/python3.11/site-packages/google/api_core/grpc_helpers.py", line 78, in error_remapped_callable
    raise exceptions.from_grpc_error(exc) from exc
google.api_core.exceptions.ServiceUnavailable: 503 Getting metadata from plugin failed with error: Reauthentication is needed. Please run `gcloud auth application-default login` to reauthenticate.

The above exception was the direct cause of the following exception:

Traceback (most recent call last):
  File "/Users/Gabriel/DataHub/rag_app_cofares/Web_Cofares/.venv/lib/python3.11/site-packages/google/cloud/aiplatform/initializer.py", line 101, in _set_project_as_env_var_or_google_auth_default
    project_id = resource_manager_utils.get_project_id(
                 ^^^^^^^^^^^^^^^^^^^^^^^^^^^^^^^^^^^^^^
  File "/Users/Gabriel/DataHub/rag_app_cofares/Web_Cofares/.venv/lib/python3.11/site-packages/google/cloud/aiplatform/utils/resource_manager_utils.py", line 48, in get_project_id
    project = projects_client.get_project(name=f"projects/{project_number}")
              ^^^^^^^^^^^^^^^^^^^^^^^^^^^^^^^^^^^^^^^^^^^^^^^^^^^^^^^^^^^^^^
  File "/Users/Gabriel/DataHub/rag_app_cofares/Web_Cofares/.venv/lib/python3.11/site-packages/google/cloud/resourcemanager_v3/services/projects/client.py", line 776, in get_project
    response = rpc(
               ^^^^
  File "/Users/Gabriel/DataHub/rag_app_cofares/Web_Cofares/.venv/lib/python3.11/site-packages/google/api_core/gapic_v1/method.py", line 131, in __call__
    return wrapped_func(*args, **kwargs)
           ^^^^^^^^^^^^^^^^^^^^^^^^^^^^^
  File "/Users/Gabriel/DataHub/rag_app_cofares/Web_Cofares/.venv/lib/python3.11/site-packages/google/api_core/retry/retry_unary.py", line 293, in retry_wrapped_func
    return retry_target(
           ^^^^^^^^^^^^^
  File "/Users/Gabriel/DataHub/rag_app_cofares/Web_Cofares/.venv/lib/python3.11/site-packages/google/api_core/retry/retry_unary.py", line 153, in retry_target
    _retry_error_helper(
  File "/Users/Gabriel/DataHub/rag_app_cofares/Web_Cofares/.venv/lib/python3.11/site-packages/google/api_core/retry/retry_base.py", line 221, in _retry_error_helper
    raise final_exc from source_exc
google.api_core.exceptions.RetryError: Timeout of 60.0s exceeded, last exception: 503 Getting metadata from plugin failed with error: Reauthentication is needed. Please run `gcloud auth application-default login` to reauthenticate.
2024-11-04 12:54:03,877 - INFO - [31m[1mWARNING: This is a development server. Do not use it in a production deployment. Use a production WSGI server instead.[0m
 * Running on http://127.0.0.1:5000
2024-11-04 12:54:03,877 - INFO - [33mPress CTRL+C to quit[0m
2024-11-04 12:56:30,672 - ERROR - AuthMetadataPluginCallback "<google.auth.transport.grpc.AuthMetadataPlugin object at 0x11b4a5e90>" raised exception!
Traceback (most recent call last):
  File "/Users/Gabriel/DataHub/rag_app_cofares/Web_Cofares/.venv/lib/python3.11/site-packages/grpc/_plugin_wrapping.py", line 105, in __call__
    self._metadata_plugin(
  File "/Users/Gabriel/DataHub/rag_app_cofares/Web_Cofares/.venv/lib/python3.11/site-packages/google/auth/transport/grpc.py", line 95, in __call__
    callback(self._get_authorization_headers(context), None)
             ^^^^^^^^^^^^^^^^^^^^^^^^^^^^^^^^^^^^^^^^
  File "/Users/Gabriel/DataHub/rag_app_cofares/Web_Cofares/.venv/lib/python3.11/site-packages/google/auth/transport/grpc.py", line 81, in _get_authorization_headers
    self._credentials.before_request(
  File "/Users/Gabriel/DataHub/rag_app_cofares/Web_Cofares/.venv/lib/python3.11/site-packages/google/auth/credentials.py", line 239, in before_request
    self._blocking_refresh(request)
  File "/Users/Gabriel/DataHub/rag_app_cofares/Web_Cofares/.venv/lib/python3.11/site-packages/google/auth/credentials.py", line 202, in _blocking_refresh
    self.refresh(request)
  File "/Users/Gabriel/DataHub/rag_app_cofares/Web_Cofares/.venv/lib/python3.11/site-packages/google/oauth2/credentials.py", line 409, in refresh
    ) = reauth.refresh_grant(
        ^^^^^^^^^^^^^^^^^^^^^
  File "/Users/Gabriel/DataHub/rag_app_cofares/Web_Cofares/.venv/lib/python3.11/site-packages/google/oauth2/reauth.py", line 349, in refresh_grant
    raise exceptions.RefreshError(
google.auth.exceptions.RefreshError: Reauthentication is needed. Please run `gcloud auth application-default login` to reauthenticate.
2024-11-04 12:56:30,768 - ERROR - AuthMetadataPluginCallback "<google.auth.transport.grpc.AuthMetadataPlugin object at 0x11b4a5e90>" raised exception!
Traceback (most recent call last):
  File "/Users/Gabriel/DataHub/rag_app_cofares/Web_Cofares/.venv/lib/python3.11/site-packages/grpc/_plugin_wrapping.py", line 105, in __call__
    self._metadata_plugin(
  File "/Users/Gabriel/DataHub/rag_app_cofares/Web_Cofares/.venv/lib/python3.11/site-packages/google/auth/transport/grpc.py", line 95, in __call__
    callback(self._get_authorization_headers(context), None)
             ^^^^^^^^^^^^^^^^^^^^^^^^^^^^^^^^^^^^^^^^
  File "/Users/Gabriel/DataHub/rag_app_cofares/Web_Cofares/.venv/lib/python3.11/site-packages/google/auth/transport/grpc.py", line 81, in _get_authorization_headers
    self._credentials.before_request(
  File "/Users/Gabriel/DataHub/rag_app_cofares/Web_Cofares/.venv/lib/python3.11/site-packages/google/auth/credentials.py", line 239, in before_request
    self._blocking_refresh(request)
  File "/Users/Gabriel/DataHub/rag_app_cofares/Web_Cofares/.venv/lib/python3.11/site-packages/google/auth/credentials.py", line 202, in _blocking_refresh
    self.refresh(request)
  File "/Users/Gabriel/DataHub/rag_app_cofares/Web_Cofares/.venv/lib/python3.11/site-packages/google/oauth2/credentials.py", line 409, in refresh
    ) = reauth.refresh_grant(
        ^^^^^^^^^^^^^^^^^^^^^
  File "/Users/Gabriel/DataHub/rag_app_cofares/Web_Cofares/.venv/lib/python3.11/site-packages/google/oauth2/reauth.py", line 349, in refresh_grant
    raise exceptions.RefreshError(
google.auth.exceptions.RefreshError: Reauthentication is needed. Please run `gcloud auth application-default login` to reauthenticate.
2024-11-04 12:56:30,958 - ERROR - AuthMetadataPluginCallback "<google.auth.transport.grpc.AuthMetadataPlugin object at 0x11b4a5e90>" raised exception!
Traceback (most recent call last):
  File "/Users/Gabriel/DataHub/rag_app_cofares/Web_Cofares/.venv/lib/python3.11/site-packages/grpc/_plugin_wrapping.py", line 105, in __call__
    self._metadata_plugin(
  File "/Users/Gabriel/DataHub/rag_app_cofares/Web_Cofares/.venv/lib/python3.11/site-packages/google/auth/transport/grpc.py", line 95, in __call__
    callback(self._get_authorization_headers(context), None)
             ^^^^^^^^^^^^^^^^^^^^^^^^^^^^^^^^^^^^^^^^
  File "/Users/Gabriel/DataHub/rag_app_cofares/Web_Cofares/.venv/lib/python3.11/site-packages/google/auth/transport/grpc.py", line 81, in _get_authorization_headers
    self._credentials.before_request(
  File "/Users/Gabriel/DataHub/rag_app_cofares/Web_Cofares/.venv/lib/python3.11/site-packages/google/auth/credentials.py", line 239, in before_request
    self._blocking_refresh(request)
  File "/Users/Gabriel/DataHub/rag_app_cofares/Web_Cofares/.venv/lib/python3.11/site-packages/google/auth/credentials.py", line 202, in _blocking_refresh
    self.refresh(request)
  File "/Users/Gabriel/DataHub/rag_app_cofares/Web_Cofares/.venv/lib/python3.11/site-packages/google/oauth2/credentials.py", line 409, in refresh
    ) = reauth.refresh_grant(
        ^^^^^^^^^^^^^^^^^^^^^
  File "/Users/Gabriel/DataHub/rag_app_cofares/Web_Cofares/.venv/lib/python3.11/site-packages/google/oauth2/reauth.py", line 349, in refresh_grant
    raise exceptions.RefreshError(
google.auth.exceptions.RefreshError: Reauthentication is needed. Please run `gcloud auth application-default login` to reauthenticate.
2024-11-04 12:56:31,108 - ERROR - AuthMetadataPluginCallback "<google.auth.transport.grpc.AuthMetadataPlugin object at 0x11b4a5e90>" raised exception!
Traceback (most recent call last):
  File "/Users/Gabriel/DataHub/rag_app_cofares/Web_Cofares/.venv/lib/python3.11/site-packages/grpc/_plugin_wrapping.py", line 105, in __call__
    self._metadata_plugin(
  File "/Users/Gabriel/DataHub/rag_app_cofares/Web_Cofares/.venv/lib/python3.11/site-packages/google/auth/transport/grpc.py", line 95, in __call__
    callback(self._get_authorization_headers(context), None)
             ^^^^^^^^^^^^^^^^^^^^^^^^^^^^^^^^^^^^^^^^
  File "/Users/Gabriel/DataHub/rag_app_cofares/Web_Cofares/.venv/lib/python3.11/site-packages/google/auth/transport/grpc.py", line 81, in _get_authorization_headers
    self._credentials.before_request(
  File "/Users/Gabriel/DataHub/rag_app_cofares/Web_Cofares/.venv/lib/python3.11/site-packages/google/auth/credentials.py", line 239, in before_request
    self._blocking_refresh(request)
  File "/Users/Gabriel/DataHub/rag_app_cofares/Web_Cofares/.venv/lib/python3.11/site-packages/google/auth/credentials.py", line 202, in _blocking_refresh
    self.refresh(request)
  File "/Users/Gabriel/DataHub/rag_app_cofares/Web_Cofares/.venv/lib/python3.11/site-packages/google/oauth2/credentials.py", line 409, in refresh
    ) = reauth.refresh_grant(
        ^^^^^^^^^^^^^^^^^^^^^
  File "/Users/Gabriel/DataHub/rag_app_cofares/Web_Cofares/.venv/lib/python3.11/site-packages/google/oauth2/reauth.py", line 349, in refresh_grant
    raise exceptions.RefreshError(
google.auth.exceptions.RefreshError: Reauthentication is needed. Please run `gcloud auth application-default login` to reauthenticate.
2024-11-04 12:56:31,241 - ERROR - AuthMetadataPluginCallback "<google.auth.transport.grpc.AuthMetadataPlugin object at 0x11b4a5e90>" raised exception!
Traceback (most recent call last):
  File "/Users/Gabriel/DataHub/rag_app_cofares/Web_Cofares/.venv/lib/python3.11/site-packages/grpc/_plugin_wrapping.py", line 105, in __call__
    self._metadata_plugin(
  File "/Users/Gabriel/DataHub/rag_app_cofares/Web_Cofares/.venv/lib/python3.11/site-packages/google/auth/transport/grpc.py", line 95, in __call__
    callback(self._get_authorization_headers(context), None)
             ^^^^^^^^^^^^^^^^^^^^^^^^^^^^^^^^^^^^^^^^
  File "/Users/Gabriel/DataHub/rag_app_cofares/Web_Cofares/.venv/lib/python3.11/site-packages/google/auth/transport/grpc.py", line 81, in _get_authorization_headers
    self._credentials.before_request(
  File "/Users/Gabriel/DataHub/rag_app_cofares/Web_Cofares/.venv/lib/python3.11/site-packages/google/auth/credentials.py", line 239, in before_request
    self._blocking_refresh(request)
  File "/Users/Gabriel/DataHub/rag_app_cofares/Web_Cofares/.venv/lib/python3.11/site-packages/google/auth/credentials.py", line 202, in _blocking_refresh
    self.refresh(request)
  File "/Users/Gabriel/DataHub/rag_app_cofares/Web_Cofares/.venv/lib/python3.11/site-packages/google/oauth2/credentials.py", line 409, in refresh
    ) = reauth.refresh_grant(
        ^^^^^^^^^^^^^^^^^^^^^
  File "/Users/Gabriel/DataHub/rag_app_cofares/Web_Cofares/.venv/lib/python3.11/site-packages/google/oauth2/reauth.py", line 349, in refresh_grant
    raise exceptions.RefreshError(
google.auth.exceptions.RefreshError: Reauthentication is needed. Please run `gcloud auth application-default login` to reauthenticate.
2024-11-04 12:56:31,367 - ERROR - AuthMetadataPluginCallback "<google.auth.transport.grpc.AuthMetadataPlugin object at 0x11b4a5e90>" raised exception!
Traceback (most recent call last):
  File "/Users/Gabriel/DataHub/rag_app_cofares/Web_Cofares/.venv/lib/python3.11/site-packages/grpc/_plugin_wrapping.py", line 105, in __call__
    self._metadata_plugin(
  File "/Users/Gabriel/DataHub/rag_app_cofares/Web_Cofares/.venv/lib/python3.11/site-packages/google/auth/transport/grpc.py", line 95, in __call__
    callback(self._get_authorization_headers(context), None)
             ^^^^^^^^^^^^^^^^^^^^^^^^^^^^^^^^^^^^^^^^
  File "/Users/Gabriel/DataHub/rag_app_cofares/Web_Cofares/.venv/lib/python3.11/site-packages/google/auth/transport/grpc.py", line 81, in _get_authorization_headers
    self._credentials.before_request(
  File "/Users/Gabriel/DataHub/rag_app_cofares/Web_Cofares/.venv/lib/python3.11/site-packages/google/auth/credentials.py", line 239, in before_request
    self._blocking_refresh(request)
  File "/Users/Gabriel/DataHub/rag_app_cofares/Web_Cofares/.venv/lib/python3.11/site-packages/google/auth/credentials.py", line 202, in _blocking_refresh
    self.refresh(request)
  File "/Users/Gabriel/DataHub/rag_app_cofares/Web_Cofares/.venv/lib/python3.11/site-packages/google/oauth2/credentials.py", line 409, in refresh
    ) = reauth.refresh_grant(
        ^^^^^^^^^^^^^^^^^^^^^
  File "/Users/Gabriel/DataHub/rag_app_cofares/Web_Cofares/.venv/lib/python3.11/site-packages/google/oauth2/reauth.py", line 349, in refresh_grant
    raise exceptions.RefreshError(
google.auth.exceptions.RefreshError: Reauthentication is needed. Please run `gcloud auth application-default login` to reauthenticate.
2024-11-04 12:56:31,516 - ERROR - AuthMetadataPluginCallback "<google.auth.transport.grpc.AuthMetadataPlugin object at 0x11b4a5e90>" raised exception!
Traceback (most recent call last):
  File "/Users/Gabriel/DataHub/rag_app_cofares/Web_Cofares/.venv/lib/python3.11/site-packages/grpc/_plugin_wrapping.py", line 105, in __call__
    self._metadata_plugin(
  File "/Users/Gabriel/DataHub/rag_app_cofares/Web_Cofares/.venv/lib/python3.11/site-packages/google/auth/transport/grpc.py", line 95, in __call__
    callback(self._get_authorization_headers(context), None)
             ^^^^^^^^^^^^^^^^^^^^^^^^^^^^^^^^^^^^^^^^
  File "/Users/Gabriel/DataHub/rag_app_cofares/Web_Cofares/.venv/lib/python3.11/site-packages/google/auth/transport/grpc.py", line 81, in _get_authorization_headers
    self._credentials.before_request(
  File "/Users/Gabriel/DataHub/rag_app_cofares/Web_Cofares/.venv/lib/python3.11/site-packages/google/auth/credentials.py", line 239, in before_request
    self._blocking_refresh(request)
  File "/Users/Gabriel/DataHub/rag_app_cofares/Web_Cofares/.venv/lib/python3.11/site-packages/google/auth/credentials.py", line 202, in _blocking_refresh
    self.refresh(request)
  File "/Users/Gabriel/DataHub/rag_app_cofares/Web_Cofares/.venv/lib/python3.11/site-packages/google/oauth2/credentials.py", line 409, in refresh
    ) = reauth.refresh_grant(
        ^^^^^^^^^^^^^^^^^^^^^
  File "/Users/Gabriel/DataHub/rag_app_cofares/Web_Cofares/.venv/lib/python3.11/site-packages/google/oauth2/reauth.py", line 349, in refresh_grant
    raise exceptions.RefreshError(
google.auth.exceptions.RefreshError: Reauthentication is needed. Please run `gcloud auth application-default login` to reauthenticate.
2024-11-04 12:56:31,599 - ERROR - AuthMetadataPluginCallback "<google.auth.transport.grpc.AuthMetadataPlugin object at 0x11b4a5e90>" raised exception!
Traceback (most recent call last):
  File "/Users/Gabriel/DataHub/rag_app_cofares/Web_Cofares/.venv/lib/python3.11/site-packages/grpc/_plugin_wrapping.py", line 105, in __call__
    self._metadata_plugin(
  File "/Users/Gabriel/DataHub/rag_app_cofares/Web_Cofares/.venv/lib/python3.11/site-packages/google/auth/transport/grpc.py", line 95, in __call__
    callback(self._get_authorization_headers(context), None)
             ^^^^^^^^^^^^^^^^^^^^^^^^^^^^^^^^^^^^^^^^
  File "/Users/Gabriel/DataHub/rag_app_cofares/Web_Cofares/.venv/lib/python3.11/site-packages/google/auth/transport/grpc.py", line 81, in _get_authorization_headers
    self._credentials.before_request(
  File "/Users/Gabriel/DataHub/rag_app_cofares/Web_Cofares/.venv/lib/python3.11/site-packages/google/auth/credentials.py", line 239, in before_request
    self._blocking_refresh(request)
  File "/Users/Gabriel/DataHub/rag_app_cofares/Web_Cofares/.venv/lib/python3.11/site-packages/google/auth/credentials.py", line 202, in _blocking_refresh
    self.refresh(request)
  File "/Users/Gabriel/DataHub/rag_app_cofares/Web_Cofares/.venv/lib/python3.11/site-packages/google/oauth2/credentials.py", line 409, in refresh
    ) = reauth.refresh_grant(
        ^^^^^^^^^^^^^^^^^^^^^
  File "/Users/Gabriel/DataHub/rag_app_cofares/Web_Cofares/.venv/lib/python3.11/site-packages/google/oauth2/reauth.py", line 349, in refresh_grant
    raise exceptions.RefreshError(
google.auth.exceptions.RefreshError: Reauthentication is needed. Please run `gcloud auth application-default login` to reauthenticate.
2024-11-04 12:56:31,946 - ERROR - AuthMetadataPluginCallback "<google.auth.transport.grpc.AuthMetadataPlugin object at 0x11b4a5e90>" raised exception!
Traceback (most recent call last):
  File "/Users/Gabriel/DataHub/rag_app_cofares/Web_Cofares/.venv/lib/python3.11/site-packages/grpc/_plugin_wrapping.py", line 105, in __call__
    self._metadata_plugin(
  File "/Users/Gabriel/DataHub/rag_app_cofares/Web_Cofares/.venv/lib/python3.11/site-packages/google/auth/transport/grpc.py", line 95, in __call__
    callback(self._get_authorization_headers(context), None)
             ^^^^^^^^^^^^^^^^^^^^^^^^^^^^^^^^^^^^^^^^
  File "/Users/Gabriel/DataHub/rag_app_cofares/Web_Cofares/.venv/lib/python3.11/site-packages/google/auth/transport/grpc.py", line 81, in _get_authorization_headers
    self._credentials.before_request(
  File "/Users/Gabriel/DataHub/rag_app_cofares/Web_Cofares/.venv/lib/python3.11/site-packages/google/auth/credentials.py", line 239, in before_request
    self._blocking_refresh(request)
  File "/Users/Gabriel/DataHub/rag_app_cofares/Web_Cofares/.venv/lib/python3.11/site-packages/google/auth/credentials.py", line 202, in _blocking_refresh
    self.refresh(request)
  File "/Users/Gabriel/DataHub/rag_app_cofares/Web_Cofares/.venv/lib/python3.11/site-packages/google/oauth2/credentials.py", line 409, in refresh
    ) = reauth.refresh_grant(
        ^^^^^^^^^^^^^^^^^^^^^
  File "/Users/Gabriel/DataHub/rag_app_cofares/Web_Cofares/.venv/lib/python3.11/site-packages/google/oauth2/reauth.py", line 349, in refresh_grant
    raise exceptions.RefreshError(
google.auth.exceptions.RefreshError: Reauthentication is needed. Please run `gcloud auth application-default login` to reauthenticate.
2024-11-04 12:56:32,587 - ERROR - AuthMetadataPluginCallback "<google.auth.transport.grpc.AuthMetadataPlugin object at 0x11b4a5e90>" raised exception!
Traceback (most recent call last):
  File "/Users/Gabriel/DataHub/rag_app_cofares/Web_Cofares/.venv/lib/python3.11/site-packages/grpc/_plugin_wrapping.py", line 105, in __call__
    self._metadata_plugin(
  File "/Users/Gabriel/DataHub/rag_app_cofares/Web_Cofares/.venv/lib/python3.11/site-packages/google/auth/transport/grpc.py", line 95, in __call__
    callback(self._get_authorization_headers(context), None)
             ^^^^^^^^^^^^^^^^^^^^^^^^^^^^^^^^^^^^^^^^
  File "/Users/Gabriel/DataHub/rag_app_cofares/Web_Cofares/.venv/lib/python3.11/site-packages/google/auth/transport/grpc.py", line 81, in _get_authorization_headers
    self._credentials.before_request(
  File "/Users/Gabriel/DataHub/rag_app_cofares/Web_Cofares/.venv/lib/python3.11/site-packages/google/auth/credentials.py", line 239, in before_request
    self._blocking_refresh(request)
  File "/Users/Gabriel/DataHub/rag_app_cofares/Web_Cofares/.venv/lib/python3.11/site-packages/google/auth/credentials.py", line 202, in _blocking_refresh
    self.refresh(request)
  File "/Users/Gabriel/DataHub/rag_app_cofares/Web_Cofares/.venv/lib/python3.11/site-packages/google/oauth2/credentials.py", line 409, in refresh
    ) = reauth.refresh_grant(
        ^^^^^^^^^^^^^^^^^^^^^
  File "/Users/Gabriel/DataHub/rag_app_cofares/Web_Cofares/.venv/lib/python3.11/site-packages/google/oauth2/reauth.py", line 349, in refresh_grant
    raise exceptions.RefreshError(
google.auth.exceptions.RefreshError: Reauthentication is needed. Please run `gcloud auth application-default login` to reauthenticate.
2024-11-04 12:56:33,701 - ERROR - AuthMetadataPluginCallback "<google.auth.transport.grpc.AuthMetadataPlugin object at 0x11b4a5e90>" raised exception!
Traceback (most recent call last):
  File "/Users/Gabriel/DataHub/rag_app_cofares/Web_Cofares/.venv/lib/python3.11/site-packages/grpc/_plugin_wrapping.py", line 105, in __call__
    self._metadata_plugin(
  File "/Users/Gabriel/DataHub/rag_app_cofares/Web_Cofares/.venv/lib/python3.11/site-packages/google/auth/transport/grpc.py", line 95, in __call__
    callback(self._get_authorization_headers(context), None)
             ^^^^^^^^^^^^^^^^^^^^^^^^^^^^^^^^^^^^^^^^
  File "/Users/Gabriel/DataHub/rag_app_cofares/Web_Cofares/.venv/lib/python3.11/site-packages/google/auth/transport/grpc.py", line 81, in _get_authorization_headers
    self._credentials.before_request(
  File "/Users/Gabriel/DataHub/rag_app_cofares/Web_Cofares/.venv/lib/python3.11/site-packages/google/auth/credentials.py", line 239, in before_request
    self._blocking_refresh(request)
  File "/Users/Gabriel/DataHub/rag_app_cofares/Web_Cofares/.venv/lib/python3.11/site-packages/google/auth/credentials.py", line 202, in _blocking_refresh
    self.refresh(request)
  File "/Users/Gabriel/DataHub/rag_app_cofares/Web_Cofares/.venv/lib/python3.11/site-packages/google/oauth2/credentials.py", line 409, in refresh
    ) = reauth.refresh_grant(
        ^^^^^^^^^^^^^^^^^^^^^
  File "/Users/Gabriel/DataHub/rag_app_cofares/Web_Cofares/.venv/lib/python3.11/site-packages/google/oauth2/reauth.py", line 349, in refresh_grant
    raise exceptions.RefreshError(
google.auth.exceptions.RefreshError: Reauthentication is needed. Please run `gcloud auth application-default login` to reauthenticate.
2024-11-04 12:56:34,871 - ERROR - AuthMetadataPluginCallback "<google.auth.transport.grpc.AuthMetadataPlugin object at 0x11b4a5e90>" raised exception!
Traceback (most recent call last):
  File "/Users/Gabriel/DataHub/rag_app_cofares/Web_Cofares/.venv/lib/python3.11/site-packages/grpc/_plugin_wrapping.py", line 105, in __call__
    self._metadata_plugin(
  File "/Users/Gabriel/DataHub/rag_app_cofares/Web_Cofares/.venv/lib/python3.11/site-packages/google/auth/transport/grpc.py", line 95, in __call__
    callback(self._get_authorization_headers(context), None)
             ^^^^^^^^^^^^^^^^^^^^^^^^^^^^^^^^^^^^^^^^
  File "/Users/Gabriel/DataHub/rag_app_cofares/Web_Cofares/.venv/lib/python3.11/site-packages/google/auth/transport/grpc.py", line 81, in _get_authorization_headers
    self._credentials.before_request(
  File "/Users/Gabriel/DataHub/rag_app_cofares/Web_Cofares/.venv/lib/python3.11/site-packages/google/auth/credentials.py", line 239, in before_request
    self._blocking_refresh(request)
  File "/Users/Gabriel/DataHub/rag_app_cofares/Web_Cofares/.venv/lib/python3.11/site-packages/google/auth/credentials.py", line 202, in _blocking_refresh
    self.refresh(request)
  File "/Users/Gabriel/DataHub/rag_app_cofares/Web_Cofares/.venv/lib/python3.11/site-packages/google/oauth2/credentials.py", line 409, in refresh
    ) = reauth.refresh_grant(
        ^^^^^^^^^^^^^^^^^^^^^
  File "/Users/Gabriel/DataHub/rag_app_cofares/Web_Cofares/.venv/lib/python3.11/site-packages/google/oauth2/reauth.py", line 349, in refresh_grant
    raise exceptions.RefreshError(
google.auth.exceptions.RefreshError: Reauthentication is needed. Please run `gcloud auth application-default login` to reauthenticate.
2024-11-04 12:56:35,766 - ERROR - AuthMetadataPluginCallback "<google.auth.transport.grpc.AuthMetadataPlugin object at 0x11b4a5e90>" raised exception!
Traceback (most recent call last):
  File "/Users/Gabriel/DataHub/rag_app_cofares/Web_Cofares/.venv/lib/python3.11/site-packages/grpc/_plugin_wrapping.py", line 105, in __call__
    self._metadata_plugin(
  File "/Users/Gabriel/DataHub/rag_app_cofares/Web_Cofares/.venv/lib/python3.11/site-packages/google/auth/transport/grpc.py", line 95, in __call__
    callback(self._get_authorization_headers(context), None)
             ^^^^^^^^^^^^^^^^^^^^^^^^^^^^^^^^^^^^^^^^
  File "/Users/Gabriel/DataHub/rag_app_cofares/Web_Cofares/.venv/lib/python3.11/site-packages/google/auth/transport/grpc.py", line 81, in _get_authorization_headers
    self._credentials.before_request(
  File "/Users/Gabriel/DataHub/rag_app_cofares/Web_Cofares/.venv/lib/python3.11/site-packages/google/auth/credentials.py", line 239, in before_request
    self._blocking_refresh(request)
  File "/Users/Gabriel/DataHub/rag_app_cofares/Web_Cofares/.venv/lib/python3.11/site-packages/google/auth/credentials.py", line 202, in _blocking_refresh
    self.refresh(request)
  File "/Users/Gabriel/DataHub/rag_app_cofares/Web_Cofares/.venv/lib/python3.11/site-packages/google/oauth2/credentials.py", line 409, in refresh
    ) = reauth.refresh_grant(
        ^^^^^^^^^^^^^^^^^^^^^
  File "/Users/Gabriel/DataHub/rag_app_cofares/Web_Cofares/.venv/lib/python3.11/site-packages/google/oauth2/reauth.py", line 349, in refresh_grant
    raise exceptions.RefreshError(
google.auth.exceptions.RefreshError: Reauthentication is needed. Please run `gcloud auth application-default login` to reauthenticate.
2024-11-04 12:56:36,826 - ERROR - AuthMetadataPluginCallback "<google.auth.transport.grpc.AuthMetadataPlugin object at 0x11b4a5e90>" raised exception!
Traceback (most recent call last):
  File "/Users/Gabriel/DataHub/rag_app_cofares/Web_Cofares/.venv/lib/python3.11/site-packages/grpc/_plugin_wrapping.py", line 105, in __call__
    self._metadata_plugin(
  File "/Users/Gabriel/DataHub/rag_app_cofares/Web_Cofares/.venv/lib/python3.11/site-packages/google/auth/transport/grpc.py", line 95, in __call__
    callback(self._get_authorization_headers(context), None)
             ^^^^^^^^^^^^^^^^^^^^^^^^^^^^^^^^^^^^^^^^
  File "/Users/Gabriel/DataHub/rag_app_cofares/Web_Cofares/.venv/lib/python3.11/site-packages/google/auth/transport/grpc.py", line 81, in _get_authorization_headers
    self._credentials.before_request(
  File "/Users/Gabriel/DataHub/rag_app_cofares/Web_Cofares/.venv/lib/python3.11/site-packages/google/auth/credentials.py", line 239, in before_request
    self._blocking_refresh(request)
  File "/Users/Gabriel/DataHub/rag_app_cofares/Web_Cofares/.venv/lib/python3.11/site-packages/google/auth/credentials.py", line 202, in _blocking_refresh
    self.refresh(request)
  File "/Users/Gabriel/DataHub/rag_app_cofares/Web_Cofares/.venv/lib/python3.11/site-packages/google/oauth2/credentials.py", line 409, in refresh
    ) = reauth.refresh_grant(
        ^^^^^^^^^^^^^^^^^^^^^
  File "/Users/Gabriel/DataHub/rag_app_cofares/Web_Cofares/.venv/lib/python3.11/site-packages/google/oauth2/reauth.py", line 349, in refresh_grant
    raise exceptions.RefreshError(
google.auth.exceptions.RefreshError: Reauthentication is needed. Please run `gcloud auth application-default login` to reauthenticate.
2024-11-04 12:56:38,874 - ERROR - AuthMetadataPluginCallback "<google.auth.transport.grpc.AuthMetadataPlugin object at 0x11b4a5e90>" raised exception!
Traceback (most recent call last):
  File "/Users/Gabriel/DataHub/rag_app_cofares/Web_Cofares/.venv/lib/python3.11/site-packages/grpc/_plugin_wrapping.py", line 105, in __call__
    self._metadata_plugin(
  File "/Users/Gabriel/DataHub/rag_app_cofares/Web_Cofares/.venv/lib/python3.11/site-packages/google/auth/transport/grpc.py", line 95, in __call__
    callback(self._get_authorization_headers(context), None)
             ^^^^^^^^^^^^^^^^^^^^^^^^^^^^^^^^^^^^^^^^
  File "/Users/Gabriel/DataHub/rag_app_cofares/Web_Cofares/.venv/lib/python3.11/site-packages/google/auth/transport/grpc.py", line 81, in _get_authorization_headers
    self._credentials.before_request(
  File "/Users/Gabriel/DataHub/rag_app_cofares/Web_Cofares/.venv/lib/python3.11/site-packages/google/auth/credentials.py", line 239, in before_request
    self._blocking_refresh(request)
  File "/Users/Gabriel/DataHub/rag_app_cofares/Web_Cofares/.venv/lib/python3.11/site-packages/google/auth/credentials.py", line 202, in _blocking_refresh
    self.refresh(request)
  File "/Users/Gabriel/DataHub/rag_app_cofares/Web_Cofares/.venv/lib/python3.11/site-packages/google/oauth2/credentials.py", line 409, in refresh
    ) = reauth.refresh_grant(
        ^^^^^^^^^^^^^^^^^^^^^
  File "/Users/Gabriel/DataHub/rag_app_cofares/Web_Cofares/.venv/lib/python3.11/site-packages/google/oauth2/reauth.py", line 349, in refresh_grant
    raise exceptions.RefreshError(
google.auth.exceptions.RefreshError: Reauthentication is needed. Please run `gcloud auth application-default login` to reauthenticate.
2024-11-04 12:56:40,268 - ERROR - AuthMetadataPluginCallback "<google.auth.transport.grpc.AuthMetadataPlugin object at 0x11b4a5e90>" raised exception!
Traceback (most recent call last):
  File "/Users/Gabriel/DataHub/rag_app_cofares/Web_Cofares/.venv/lib/python3.11/site-packages/grpc/_plugin_wrapping.py", line 105, in __call__
    self._metadata_plugin(
  File "/Users/Gabriel/DataHub/rag_app_cofares/Web_Cofares/.venv/lib/python3.11/site-packages/google/auth/transport/grpc.py", line 95, in __call__
    callback(self._get_authorization_headers(context), None)
             ^^^^^^^^^^^^^^^^^^^^^^^^^^^^^^^^^^^^^^^^
  File "/Users/Gabriel/DataHub/rag_app_cofares/Web_Cofares/.venv/lib/python3.11/site-packages/google/auth/transport/grpc.py", line 81, in _get_authorization_headers
    self._credentials.before_request(
  File "/Users/Gabriel/DataHub/rag_app_cofares/Web_Cofares/.venv/lib/python3.11/site-packages/google/auth/credentials.py", line 239, in before_request
    self._blocking_refresh(request)
  File "/Users/Gabriel/DataHub/rag_app_cofares/Web_Cofares/.venv/lib/python3.11/site-packages/google/auth/credentials.py", line 202, in _blocking_refresh
    self.refresh(request)
  File "/Users/Gabriel/DataHub/rag_app_cofares/Web_Cofares/.venv/lib/python3.11/site-packages/google/oauth2/credentials.py", line 409, in refresh
    ) = reauth.refresh_grant(
        ^^^^^^^^^^^^^^^^^^^^^
  File "/Users/Gabriel/DataHub/rag_app_cofares/Web_Cofares/.venv/lib/python3.11/site-packages/google/oauth2/reauth.py", line 349, in refresh_grant
    raise exceptions.RefreshError(
google.auth.exceptions.RefreshError: Reauthentication is needed. Please run `gcloud auth application-default login` to reauthenticate.
2024-11-04 12:56:42,412 - ERROR - AuthMetadataPluginCallback "<google.auth.transport.grpc.AuthMetadataPlugin object at 0x11b4a5e90>" raised exception!
Traceback (most recent call last):
  File "/Users/Gabriel/DataHub/rag_app_cofares/Web_Cofares/.venv/lib/python3.11/site-packages/grpc/_plugin_wrapping.py", line 105, in __call__
    self._metadata_plugin(
  File "/Users/Gabriel/DataHub/rag_app_cofares/Web_Cofares/.venv/lib/python3.11/site-packages/google/auth/transport/grpc.py", line 95, in __call__
    callback(self._get_authorization_headers(context), None)
             ^^^^^^^^^^^^^^^^^^^^^^^^^^^^^^^^^^^^^^^^
  File "/Users/Gabriel/DataHub/rag_app_cofares/Web_Cofares/.venv/lib/python3.11/site-packages/google/auth/transport/grpc.py", line 81, in _get_authorization_headers
    self._credentials.before_request(
  File "/Users/Gabriel/DataHub/rag_app_cofares/Web_Cofares/.venv/lib/python3.11/site-packages/google/auth/credentials.py", line 239, in before_request
    self._blocking_refresh(request)
  File "/Users/Gabriel/DataHub/rag_app_cofares/Web_Cofares/.venv/lib/python3.11/site-packages/google/auth/credentials.py", line 202, in _blocking_refresh
    self.refresh(request)
  File "/Users/Gabriel/DataHub/rag_app_cofares/Web_Cofares/.venv/lib/python3.11/site-packages/google/oauth2/credentials.py", line 409, in refresh
    ) = reauth.refresh_grant(
        ^^^^^^^^^^^^^^^^^^^^^
  File "/Users/Gabriel/DataHub/rag_app_cofares/Web_Cofares/.venv/lib/python3.11/site-packages/google/oauth2/reauth.py", line 349, in refresh_grant
    raise exceptions.RefreshError(
google.auth.exceptions.RefreshError: Reauthentication is needed. Please run `gcloud auth application-default login` to reauthenticate.
2024-11-04 12:56:45,044 - ERROR - AuthMetadataPluginCallback "<google.auth.transport.grpc.AuthMetadataPlugin object at 0x11b4a5e90>" raised exception!
Traceback (most recent call last):
  File "/Users/Gabriel/DataHub/rag_app_cofares/Web_Cofares/.venv/lib/python3.11/site-packages/grpc/_plugin_wrapping.py", line 105, in __call__
    self._metadata_plugin(
  File "/Users/Gabriel/DataHub/rag_app_cofares/Web_Cofares/.venv/lib/python3.11/site-packages/google/auth/transport/grpc.py", line 95, in __call__
    callback(self._get_authorization_headers(context), None)
             ^^^^^^^^^^^^^^^^^^^^^^^^^^^^^^^^^^^^^^^^
  File "/Users/Gabriel/DataHub/rag_app_cofares/Web_Cofares/.venv/lib/python3.11/site-packages/google/auth/transport/grpc.py", line 81, in _get_authorization_headers
    self._credentials.before_request(
  File "/Users/Gabriel/DataHub/rag_app_cofares/Web_Cofares/.venv/lib/python3.11/site-packages/google/auth/credentials.py", line 239, in before_request
    self._blocking_refresh(request)
  File "/Users/Gabriel/DataHub/rag_app_cofares/Web_Cofares/.venv/lib/python3.11/site-packages/google/auth/credentials.py", line 202, in _blocking_refresh
    self.refresh(request)
  File "/Users/Gabriel/DataHub/rag_app_cofares/Web_Cofares/.venv/lib/python3.11/site-packages/google/oauth2/credentials.py", line 409, in refresh
    ) = reauth.refresh_grant(
        ^^^^^^^^^^^^^^^^^^^^^
  File "/Users/Gabriel/DataHub/rag_app_cofares/Web_Cofares/.venv/lib/python3.11/site-packages/google/oauth2/reauth.py", line 349, in refresh_grant
    raise exceptions.RefreshError(
google.auth.exceptions.RefreshError: Reauthentication is needed. Please run `gcloud auth application-default login` to reauthenticate.
2024-11-04 12:56:52,648 - ERROR - AuthMetadataPluginCallback "<google.auth.transport.grpc.AuthMetadataPlugin object at 0x11b4a5e90>" raised exception!
Traceback (most recent call last):
  File "/Users/Gabriel/DataHub/rag_app_cofares/Web_Cofares/.venv/lib/python3.11/site-packages/grpc/_plugin_wrapping.py", line 105, in __call__
    self._metadata_plugin(
  File "/Users/Gabriel/DataHub/rag_app_cofares/Web_Cofares/.venv/lib/python3.11/site-packages/google/auth/transport/grpc.py", line 95, in __call__
    callback(self._get_authorization_headers(context), None)
             ^^^^^^^^^^^^^^^^^^^^^^^^^^^^^^^^^^^^^^^^
  File "/Users/Gabriel/DataHub/rag_app_cofares/Web_Cofares/.venv/lib/python3.11/site-packages/google/auth/transport/grpc.py", line 81, in _get_authorization_headers
    self._credentials.before_request(
  File "/Users/Gabriel/DataHub/rag_app_cofares/Web_Cofares/.venv/lib/python3.11/site-packages/google/auth/credentials.py", line 239, in before_request
    self._blocking_refresh(request)
  File "/Users/Gabriel/DataHub/rag_app_cofares/Web_Cofares/.venv/lib/python3.11/site-packages/google/auth/credentials.py", line 202, in _blocking_refresh
    self.refresh(request)
  File "/Users/Gabriel/DataHub/rag_app_cofares/Web_Cofares/.venv/lib/python3.11/site-packages/google/oauth2/credentials.py", line 409, in refresh
    ) = reauth.refresh_grant(
        ^^^^^^^^^^^^^^^^^^^^^
  File "/Users/Gabriel/DataHub/rag_app_cofares/Web_Cofares/.venv/lib/python3.11/site-packages/google/oauth2/reauth.py", line 349, in refresh_grant
    raise exceptions.RefreshError(
google.auth.exceptions.RefreshError: Reauthentication is needed. Please run `gcloud auth application-default login` to reauthenticate.
2024-11-04 12:56:56,279 - ERROR - AuthMetadataPluginCallback "<google.auth.transport.grpc.AuthMetadataPlugin object at 0x11b4a5e90>" raised exception!
Traceback (most recent call last):
  File "/Users/Gabriel/DataHub/rag_app_cofares/Web_Cofares/.venv/lib/python3.11/site-packages/grpc/_plugin_wrapping.py", line 105, in __call__
    self._metadata_plugin(
  File "/Users/Gabriel/DataHub/rag_app_cofares/Web_Cofares/.venv/lib/python3.11/site-packages/google/auth/transport/grpc.py", line 95, in __call__
    callback(self._get_authorization_headers(context), None)
             ^^^^^^^^^^^^^^^^^^^^^^^^^^^^^^^^^^^^^^^^
  File "/Users/Gabriel/DataHub/rag_app_cofares/Web_Cofares/.venv/lib/python3.11/site-packages/google/auth/transport/grpc.py", line 81, in _get_authorization_headers
    self._credentials.before_request(
  File "/Users/Gabriel/DataHub/rag_app_cofares/Web_Cofares/.venv/lib/python3.11/site-packages/google/auth/credentials.py", line 239, in before_request
    self._blocking_refresh(request)
  File "/Users/Gabriel/DataHub/rag_app_cofares/Web_Cofares/.venv/lib/python3.11/site-packages/google/auth/credentials.py", line 202, in _blocking_refresh
    self.refresh(request)
  File "/Users/Gabriel/DataHub/rag_app_cofares/Web_Cofares/.venv/lib/python3.11/site-packages/google/oauth2/credentials.py", line 409, in refresh
    ) = reauth.refresh_grant(
        ^^^^^^^^^^^^^^^^^^^^^
  File "/Users/Gabriel/DataHub/rag_app_cofares/Web_Cofares/.venv/lib/python3.11/site-packages/google/oauth2/reauth.py", line 349, in refresh_grant
    raise exceptions.RefreshError(
google.auth.exceptions.RefreshError: Reauthentication is needed. Please run `gcloud auth application-default login` to reauthenticate.
2024-11-04 12:57:07,504 - ERROR - AuthMetadataPluginCallback "<google.auth.transport.grpc.AuthMetadataPlugin object at 0x11b4a5e90>" raised exception!
Traceback (most recent call last):
  File "/Users/Gabriel/DataHub/rag_app_cofares/Web_Cofares/.venv/lib/python3.11/site-packages/grpc/_plugin_wrapping.py", line 105, in __call__
    self._metadata_plugin(
  File "/Users/Gabriel/DataHub/rag_app_cofares/Web_Cofares/.venv/lib/python3.11/site-packages/google/auth/transport/grpc.py", line 95, in __call__
    callback(self._get_authorization_headers(context), None)
             ^^^^^^^^^^^^^^^^^^^^^^^^^^^^^^^^^^^^^^^^
  File "/Users/Gabriel/DataHub/rag_app_cofares/Web_Cofares/.venv/lib/python3.11/site-packages/google/auth/transport/grpc.py", line 81, in _get_authorization_headers
    self._credentials.before_request(
  File "/Users/Gabriel/DataHub/rag_app_cofares/Web_Cofares/.venv/lib/python3.11/site-packages/google/auth/credentials.py", line 239, in before_request
    self._blocking_refresh(request)
  File "/Users/Gabriel/DataHub/rag_app_cofares/Web_Cofares/.venv/lib/python3.11/site-packages/google/auth/credentials.py", line 202, in _blocking_refresh
    self.refresh(request)
  File "/Users/Gabriel/DataHub/rag_app_cofares/Web_Cofares/.venv/lib/python3.11/site-packages/google/oauth2/credentials.py", line 409, in refresh
    ) = reauth.refresh_grant(
        ^^^^^^^^^^^^^^^^^^^^^
  File "/Users/Gabriel/DataHub/rag_app_cofares/Web_Cofares/.venv/lib/python3.11/site-packages/google/oauth2/reauth.py", line 349, in refresh_grant
    raise exceptions.RefreshError(
google.auth.exceptions.RefreshError: Reauthentication is needed. Please run `gcloud auth application-default login` to reauthenticate.
2024-11-04 12:57:12,089 - ERROR - AuthMetadataPluginCallback "<google.auth.transport.grpc.AuthMetadataPlugin object at 0x11b4a5e90>" raised exception!
Traceback (most recent call last):
  File "/Users/Gabriel/DataHub/rag_app_cofares/Web_Cofares/.venv/lib/python3.11/site-packages/grpc/_plugin_wrapping.py", line 105, in __call__
    self._metadata_plugin(
  File "/Users/Gabriel/DataHub/rag_app_cofares/Web_Cofares/.venv/lib/python3.11/site-packages/google/auth/transport/grpc.py", line 95, in __call__
    callback(self._get_authorization_headers(context), None)
             ^^^^^^^^^^^^^^^^^^^^^^^^^^^^^^^^^^^^^^^^
  File "/Users/Gabriel/DataHub/rag_app_cofares/Web_Cofares/.venv/lib/python3.11/site-packages/google/auth/transport/grpc.py", line 81, in _get_authorization_headers
    self._credentials.before_request(
  File "/Users/Gabriel/DataHub/rag_app_cofares/Web_Cofares/.venv/lib/python3.11/site-packages/google/auth/credentials.py", line 239, in before_request
    self._blocking_refresh(request)
  File "/Users/Gabriel/DataHub/rag_app_cofares/Web_Cofares/.venv/lib/python3.11/site-packages/google/auth/credentials.py", line 202, in _blocking_refresh
    self.refresh(request)
  File "/Users/Gabriel/DataHub/rag_app_cofares/Web_Cofares/.venv/lib/python3.11/site-packages/google/oauth2/credentials.py", line 409, in refresh
    ) = reauth.refresh_grant(
        ^^^^^^^^^^^^^^^^^^^^^
  File "/Users/Gabriel/DataHub/rag_app_cofares/Web_Cofares/.venv/lib/python3.11/site-packages/google/oauth2/reauth.py", line 349, in refresh_grant
    raise exceptions.RefreshError(
google.auth.exceptions.RefreshError: Reauthentication is needed. Please run `gcloud auth application-default login` to reauthenticate.
2024-11-04 12:57:13,112 - ERROR - AuthMetadataPluginCallback "<google.auth.transport.grpc.AuthMetadataPlugin object at 0x11b4a5e90>" raised exception!
Traceback (most recent call last):
  File "/Users/Gabriel/DataHub/rag_app_cofares/Web_Cofares/.venv/lib/python3.11/site-packages/grpc/_plugin_wrapping.py", line 105, in __call__
    self._metadata_plugin(
  File "/Users/Gabriel/DataHub/rag_app_cofares/Web_Cofares/.venv/lib/python3.11/site-packages/google/auth/transport/grpc.py", line 95, in __call__
    callback(self._get_authorization_headers(context), None)
             ^^^^^^^^^^^^^^^^^^^^^^^^^^^^^^^^^^^^^^^^
  File "/Users/Gabriel/DataHub/rag_app_cofares/Web_Cofares/.venv/lib/python3.11/site-packages/google/auth/transport/grpc.py", line 81, in _get_authorization_headers
    self._credentials.before_request(
  File "/Users/Gabriel/DataHub/rag_app_cofares/Web_Cofares/.venv/lib/python3.11/site-packages/google/auth/credentials.py", line 239, in before_request
    self._blocking_refresh(request)
  File "/Users/Gabriel/DataHub/rag_app_cofares/Web_Cofares/.venv/lib/python3.11/site-packages/google/auth/credentials.py", line 202, in _blocking_refresh
    self.refresh(request)
  File "/Users/Gabriel/DataHub/rag_app_cofares/Web_Cofares/.venv/lib/python3.11/site-packages/google/oauth2/credentials.py", line 409, in refresh
    ) = reauth.refresh_grant(
        ^^^^^^^^^^^^^^^^^^^^^
  File "/Users/Gabriel/DataHub/rag_app_cofares/Web_Cofares/.venv/lib/python3.11/site-packages/google/oauth2/reauth.py", line 349, in refresh_grant
    raise exceptions.RefreshError(
google.auth.exceptions.RefreshError: Reauthentication is needed. Please run `gcloud auth application-default login` to reauthenticate.
2024-11-04 12:57:13,115 - WARNING - Failed to convert project number to project ID.
Traceback (most recent call last):
  File "/Users/Gabriel/DataHub/rag_app_cofares/Web_Cofares/.venv/lib/python3.11/site-packages/google/api_core/grpc_helpers.py", line 76, in error_remapped_callable
    return callable_(*args, **kwargs)
           ^^^^^^^^^^^^^^^^^^^^^^^^^^
  File "/Users/Gabriel/DataHub/rag_app_cofares/Web_Cofares/.venv/lib/python3.11/site-packages/grpc/_channel.py", line 1181, in __call__
    return _end_unary_response_blocking(state, call, False, None)
           ^^^^^^^^^^^^^^^^^^^^^^^^^^^^^^^^^^^^^^^^^^^^^^^^^^^^^^
  File "/Users/Gabriel/DataHub/rag_app_cofares/Web_Cofares/.venv/lib/python3.11/site-packages/grpc/_channel.py", line 1006, in _end_unary_response_blocking
    raise _InactiveRpcError(state)  # pytype: disable=not-instantiable
    ^^^^^^^^^^^^^^^^^^^^^^^^^^^^^^
grpc._channel._InactiveRpcError: <_InactiveRpcError of RPC that terminated with:
	status = StatusCode.UNAVAILABLE
	details = "Getting metadata from plugin failed with error: Reauthentication is needed. Please run `gcloud auth application-default login` to reauthenticate."
	debug_error_string = "UNKNOWN:Error received from peer  {grpc_message:"Getting metadata from plugin failed with error: Reauthentication is needed. Please run `gcloud auth application-default login` to reauthenticate.", grpc_status:14, created_time:"2024-11-04T12:57:13.114116+01:00"}"
>

The above exception was the direct cause of the following exception:

Traceback (most recent call last):
  File "/Users/Gabriel/DataHub/rag_app_cofares/Web_Cofares/.venv/lib/python3.11/site-packages/google/api_core/retry/retry_unary.py", line 144, in retry_target
    result = target()
             ^^^^^^^^
  File "/Users/Gabriel/DataHub/rag_app_cofares/Web_Cofares/.venv/lib/python3.11/site-packages/google/api_core/timeout.py", line 120, in func_with_timeout
    return func(*args, **kwargs)
           ^^^^^^^^^^^^^^^^^^^^^
  File "/Users/Gabriel/DataHub/rag_app_cofares/Web_Cofares/.venv/lib/python3.11/site-packages/google/api_core/grpc_helpers.py", line 78, in error_remapped_callable
    raise exceptions.from_grpc_error(exc) from exc
google.api_core.exceptions.ServiceUnavailable: 503 Getting metadata from plugin failed with error: Reauthentication is needed. Please run `gcloud auth application-default login` to reauthenticate.

The above exception was the direct cause of the following exception:

Traceback (most recent call last):
  File "/Users/Gabriel/DataHub/rag_app_cofares/Web_Cofares/.venv/lib/python3.11/site-packages/google/cloud/aiplatform/initializer.py", line 101, in _set_project_as_env_var_or_google_auth_default
    project_id = resource_manager_utils.get_project_id(
                 ^^^^^^^^^^^^^^^^^^^^^^^^^^^^^^^^^^^^^^
  File "/Users/Gabriel/DataHub/rag_app_cofares/Web_Cofares/.venv/lib/python3.11/site-packages/google/cloud/aiplatform/utils/resource_manager_utils.py", line 48, in get_project_id
    project = projects_client.get_project(name=f"projects/{project_number}")
              ^^^^^^^^^^^^^^^^^^^^^^^^^^^^^^^^^^^^^^^^^^^^^^^^^^^^^^^^^^^^^^
  File "/Users/Gabriel/DataHub/rag_app_cofares/Web_Cofares/.venv/lib/python3.11/site-packages/google/cloud/resourcemanager_v3/services/projects/client.py", line 776, in get_project
    response = rpc(
               ^^^^
  File "/Users/Gabriel/DataHub/rag_app_cofares/Web_Cofares/.venv/lib/python3.11/site-packages/google/api_core/gapic_v1/method.py", line 131, in __call__
    return wrapped_func(*args, **kwargs)
           ^^^^^^^^^^^^^^^^^^^^^^^^^^^^^
  File "/Users/Gabriel/DataHub/rag_app_cofares/Web_Cofares/.venv/lib/python3.11/site-packages/google/api_core/retry/retry_unary.py", line 293, in retry_wrapped_func
    return retry_target(
           ^^^^^^^^^^^^^
  File "/Users/Gabriel/DataHub/rag_app_cofares/Web_Cofares/.venv/lib/python3.11/site-packages/google/api_core/retry/retry_unary.py", line 153, in retry_target
    _retry_error_helper(
  File "/Users/Gabriel/DataHub/rag_app_cofares/Web_Cofares/.venv/lib/python3.11/site-packages/google/api_core/retry/retry_base.py", line 221, in _retry_error_helper
    raise final_exc from source_exc
google.api_core.exceptions.RetryError: Timeout of 60.0s exceeded, last exception: 503 Getting metadata from plugin failed with error: Reauthentication is needed. Please run `gcloud auth application-default login` to reauthenticate.
2024-11-04 12:57:14,007 - INFO - [31m[1mWARNING: This is a development server. Do not use it in a production deployment. Use a production WSGI server instead.[0m
 * Running on http://127.0.0.1:5000
2024-11-04 12:57:14,007 - INFO - [33mPress CTRL+C to quit[0m
2024-11-04 12:57:14,009 - INFO -  * Restarting with stat
2024-11-04 12:57:19,633 - ERROR - AuthMetadataPluginCallback "<google.auth.transport.grpc.AuthMetadataPlugin object at 0x11cda5b90>" raised exception!
Traceback (most recent call last):
  File "/Users/Gabriel/DataHub/rag_app_cofares/Web_Cofares/.venv/lib/python3.11/site-packages/grpc/_plugin_wrapping.py", line 105, in __call__
    self._metadata_plugin(
  File "/Users/Gabriel/DataHub/rag_app_cofares/Web_Cofares/.venv/lib/python3.11/site-packages/google/auth/transport/grpc.py", line 95, in __call__
    callback(self._get_authorization_headers(context), None)
             ^^^^^^^^^^^^^^^^^^^^^^^^^^^^^^^^^^^^^^^^
  File "/Users/Gabriel/DataHub/rag_app_cofares/Web_Cofares/.venv/lib/python3.11/site-packages/google/auth/transport/grpc.py", line 81, in _get_authorization_headers
    self._credentials.before_request(
  File "/Users/Gabriel/DataHub/rag_app_cofares/Web_Cofares/.venv/lib/python3.11/site-packages/google/auth/credentials.py", line 239, in before_request
    self._blocking_refresh(request)
  File "/Users/Gabriel/DataHub/rag_app_cofares/Web_Cofares/.venv/lib/python3.11/site-packages/google/auth/credentials.py", line 202, in _blocking_refresh
    self.refresh(request)
  File "/Users/Gabriel/DataHub/rag_app_cofares/Web_Cofares/.venv/lib/python3.11/site-packages/google/oauth2/credentials.py", line 409, in refresh
    ) = reauth.refresh_grant(
        ^^^^^^^^^^^^^^^^^^^^^
  File "/Users/Gabriel/DataHub/rag_app_cofares/Web_Cofares/.venv/lib/python3.11/site-packages/google/oauth2/reauth.py", line 349, in refresh_grant
    raise exceptions.RefreshError(
google.auth.exceptions.RefreshError: Reauthentication is needed. Please run `gcloud auth application-default login` to reauthenticate.
2024-11-04 12:57:19,818 - ERROR - AuthMetadataPluginCallback "<google.auth.transport.grpc.AuthMetadataPlugin object at 0x11cda5b90>" raised exception!
Traceback (most recent call last):
  File "/Users/Gabriel/DataHub/rag_app_cofares/Web_Cofares/.venv/lib/python3.11/site-packages/grpc/_plugin_wrapping.py", line 105, in __call__
    self._metadata_plugin(
  File "/Users/Gabriel/DataHub/rag_app_cofares/Web_Cofares/.venv/lib/python3.11/site-packages/google/auth/transport/grpc.py", line 95, in __call__
    callback(self._get_authorization_headers(context), None)
             ^^^^^^^^^^^^^^^^^^^^^^^^^^^^^^^^^^^^^^^^
  File "/Users/Gabriel/DataHub/rag_app_cofares/Web_Cofares/.venv/lib/python3.11/site-packages/google/auth/transport/grpc.py", line 81, in _get_authorization_headers
    self._credentials.before_request(
  File "/Users/Gabriel/DataHub/rag_app_cofares/Web_Cofares/.venv/lib/python3.11/site-packages/google/auth/credentials.py", line 239, in before_request
    self._blocking_refresh(request)
  File "/Users/Gabriel/DataHub/rag_app_cofares/Web_Cofares/.venv/lib/python3.11/site-packages/google/auth/credentials.py", line 202, in _blocking_refresh
    self.refresh(request)
  File "/Users/Gabriel/DataHub/rag_app_cofares/Web_Cofares/.venv/lib/python3.11/site-packages/google/oauth2/credentials.py", line 409, in refresh
    ) = reauth.refresh_grant(
        ^^^^^^^^^^^^^^^^^^^^^
  File "/Users/Gabriel/DataHub/rag_app_cofares/Web_Cofares/.venv/lib/python3.11/site-packages/google/oauth2/reauth.py", line 349, in refresh_grant
    raise exceptions.RefreshError(
google.auth.exceptions.RefreshError: Reauthentication is needed. Please run `gcloud auth application-default login` to reauthenticate.
2024-11-04 12:57:19,984 - ERROR - AuthMetadataPluginCallback "<google.auth.transport.grpc.AuthMetadataPlugin object at 0x11cda5b90>" raised exception!
Traceback (most recent call last):
  File "/Users/Gabriel/DataHub/rag_app_cofares/Web_Cofares/.venv/lib/python3.11/site-packages/grpc/_plugin_wrapping.py", line 105, in __call__
    self._metadata_plugin(
  File "/Users/Gabriel/DataHub/rag_app_cofares/Web_Cofares/.venv/lib/python3.11/site-packages/google/auth/transport/grpc.py", line 95, in __call__
    callback(self._get_authorization_headers(context), None)
             ^^^^^^^^^^^^^^^^^^^^^^^^^^^^^^^^^^^^^^^^
  File "/Users/Gabriel/DataHub/rag_app_cofares/Web_Cofares/.venv/lib/python3.11/site-packages/google/auth/transport/grpc.py", line 81, in _get_authorization_headers
    self._credentials.before_request(
  File "/Users/Gabriel/DataHub/rag_app_cofares/Web_Cofares/.venv/lib/python3.11/site-packages/google/auth/credentials.py", line 239, in before_request
    self._blocking_refresh(request)
  File "/Users/Gabriel/DataHub/rag_app_cofares/Web_Cofares/.venv/lib/python3.11/site-packages/google/auth/credentials.py", line 202, in _blocking_refresh
    self.refresh(request)
  File "/Users/Gabriel/DataHub/rag_app_cofares/Web_Cofares/.venv/lib/python3.11/site-packages/google/oauth2/credentials.py", line 409, in refresh
    ) = reauth.refresh_grant(
        ^^^^^^^^^^^^^^^^^^^^^
  File "/Users/Gabriel/DataHub/rag_app_cofares/Web_Cofares/.venv/lib/python3.11/site-packages/google/oauth2/reauth.py", line 349, in refresh_grant
    raise exceptions.RefreshError(
google.auth.exceptions.RefreshError: Reauthentication is needed. Please run `gcloud auth application-default login` to reauthenticate.
2024-11-04 12:57:20,094 - ERROR - AuthMetadataPluginCallback "<google.auth.transport.grpc.AuthMetadataPlugin object at 0x11cda5b90>" raised exception!
Traceback (most recent call last):
  File "/Users/Gabriel/DataHub/rag_app_cofares/Web_Cofares/.venv/lib/python3.11/site-packages/grpc/_plugin_wrapping.py", line 105, in __call__
    self._metadata_plugin(
  File "/Users/Gabriel/DataHub/rag_app_cofares/Web_Cofares/.venv/lib/python3.11/site-packages/google/auth/transport/grpc.py", line 95, in __call__
    callback(self._get_authorization_headers(context), None)
             ^^^^^^^^^^^^^^^^^^^^^^^^^^^^^^^^^^^^^^^^
  File "/Users/Gabriel/DataHub/rag_app_cofares/Web_Cofares/.venv/lib/python3.11/site-packages/google/auth/transport/grpc.py", line 81, in _get_authorization_headers
    self._credentials.before_request(
  File "/Users/Gabriel/DataHub/rag_app_cofares/Web_Cofares/.venv/lib/python3.11/site-packages/google/auth/credentials.py", line 239, in before_request
    self._blocking_refresh(request)
  File "/Users/Gabriel/DataHub/rag_app_cofares/Web_Cofares/.venv/lib/python3.11/site-packages/google/auth/credentials.py", line 202, in _blocking_refresh
    self.refresh(request)
  File "/Users/Gabriel/DataHub/rag_app_cofares/Web_Cofares/.venv/lib/python3.11/site-packages/google/oauth2/credentials.py", line 409, in refresh
    ) = reauth.refresh_grant(
        ^^^^^^^^^^^^^^^^^^^^^
  File "/Users/Gabriel/DataHub/rag_app_cofares/Web_Cofares/.venv/lib/python3.11/site-packages/google/oauth2/reauth.py", line 349, in refresh_grant
    raise exceptions.RefreshError(
google.auth.exceptions.RefreshError: Reauthentication is needed. Please run `gcloud auth application-default login` to reauthenticate.
2024-11-04 12:57:20,255 - ERROR - AuthMetadataPluginCallback "<google.auth.transport.grpc.AuthMetadataPlugin object at 0x11cda5b90>" raised exception!
Traceback (most recent call last):
  File "/Users/Gabriel/DataHub/rag_app_cofares/Web_Cofares/.venv/lib/python3.11/site-packages/grpc/_plugin_wrapping.py", line 105, in __call__
    self._metadata_plugin(
  File "/Users/Gabriel/DataHub/rag_app_cofares/Web_Cofares/.venv/lib/python3.11/site-packages/google/auth/transport/grpc.py", line 95, in __call__
    callback(self._get_authorization_headers(context), None)
             ^^^^^^^^^^^^^^^^^^^^^^^^^^^^^^^^^^^^^^^^
  File "/Users/Gabriel/DataHub/rag_app_cofares/Web_Cofares/.venv/lib/python3.11/site-packages/google/auth/transport/grpc.py", line 81, in _get_authorization_headers
    self._credentials.before_request(
  File "/Users/Gabriel/DataHub/rag_app_cofares/Web_Cofares/.venv/lib/python3.11/site-packages/google/auth/credentials.py", line 239, in before_request
    self._blocking_refresh(request)
  File "/Users/Gabriel/DataHub/rag_app_cofares/Web_Cofares/.venv/lib/python3.11/site-packages/google/auth/credentials.py", line 202, in _blocking_refresh
    self.refresh(request)
  File "/Users/Gabriel/DataHub/rag_app_cofares/Web_Cofares/.venv/lib/python3.11/site-packages/google/oauth2/credentials.py", line 409, in refresh
    ) = reauth.refresh_grant(
        ^^^^^^^^^^^^^^^^^^^^^
  File "/Users/Gabriel/DataHub/rag_app_cofares/Web_Cofares/.venv/lib/python3.11/site-packages/google/oauth2/reauth.py", line 349, in refresh_grant
    raise exceptions.RefreshError(
google.auth.exceptions.RefreshError: Reauthentication is needed. Please run `gcloud auth application-default login` to reauthenticate.
2024-11-04 12:57:20,593 - ERROR - AuthMetadataPluginCallback "<google.auth.transport.grpc.AuthMetadataPlugin object at 0x11cda5b90>" raised exception!
Traceback (most recent call last):
  File "/Users/Gabriel/DataHub/rag_app_cofares/Web_Cofares/.venv/lib/python3.11/site-packages/grpc/_plugin_wrapping.py", line 105, in __call__
    self._metadata_plugin(
  File "/Users/Gabriel/DataHub/rag_app_cofares/Web_Cofares/.venv/lib/python3.11/site-packages/google/auth/transport/grpc.py", line 95, in __call__
    callback(self._get_authorization_headers(context), None)
             ^^^^^^^^^^^^^^^^^^^^^^^^^^^^^^^^^^^^^^^^
  File "/Users/Gabriel/DataHub/rag_app_cofares/Web_Cofares/.venv/lib/python3.11/site-packages/google/auth/transport/grpc.py", line 81, in _get_authorization_headers
    self._credentials.before_request(
  File "/Users/Gabriel/DataHub/rag_app_cofares/Web_Cofares/.venv/lib/python3.11/site-packages/google/auth/credentials.py", line 239, in before_request
    self._blocking_refresh(request)
  File "/Users/Gabriel/DataHub/rag_app_cofares/Web_Cofares/.venv/lib/python3.11/site-packages/google/auth/credentials.py", line 202, in _blocking_refresh
    self.refresh(request)
  File "/Users/Gabriel/DataHub/rag_app_cofares/Web_Cofares/.venv/lib/python3.11/site-packages/google/oauth2/credentials.py", line 409, in refresh
    ) = reauth.refresh_grant(
        ^^^^^^^^^^^^^^^^^^^^^
  File "/Users/Gabriel/DataHub/rag_app_cofares/Web_Cofares/.venv/lib/python3.11/site-packages/google/oauth2/reauth.py", line 349, in refresh_grant
    raise exceptions.RefreshError(
google.auth.exceptions.RefreshError: Reauthentication is needed. Please run `gcloud auth application-default login` to reauthenticate.
2024-11-04 12:57:20,990 - ERROR - AuthMetadataPluginCallback "<google.auth.transport.grpc.AuthMetadataPlugin object at 0x11cda5b90>" raised exception!
Traceback (most recent call last):
  File "/Users/Gabriel/DataHub/rag_app_cofares/Web_Cofares/.venv/lib/python3.11/site-packages/grpc/_plugin_wrapping.py", line 105, in __call__
    self._metadata_plugin(
  File "/Users/Gabriel/DataHub/rag_app_cofares/Web_Cofares/.venv/lib/python3.11/site-packages/google/auth/transport/grpc.py", line 95, in __call__
    callback(self._get_authorization_headers(context), None)
             ^^^^^^^^^^^^^^^^^^^^^^^^^^^^^^^^^^^^^^^^
  File "/Users/Gabriel/DataHub/rag_app_cofares/Web_Cofares/.venv/lib/python3.11/site-packages/google/auth/transport/grpc.py", line 81, in _get_authorization_headers
    self._credentials.before_request(
  File "/Users/Gabriel/DataHub/rag_app_cofares/Web_Cofares/.venv/lib/python3.11/site-packages/google/auth/credentials.py", line 239, in before_request
    self._blocking_refresh(request)
  File "/Users/Gabriel/DataHub/rag_app_cofares/Web_Cofares/.venv/lib/python3.11/site-packages/google/auth/credentials.py", line 202, in _blocking_refresh
    self.refresh(request)
  File "/Users/Gabriel/DataHub/rag_app_cofares/Web_Cofares/.venv/lib/python3.11/site-packages/google/oauth2/credentials.py", line 409, in refresh
    ) = reauth.refresh_grant(
        ^^^^^^^^^^^^^^^^^^^^^
  File "/Users/Gabriel/DataHub/rag_app_cofares/Web_Cofares/.venv/lib/python3.11/site-packages/google/oauth2/reauth.py", line 349, in refresh_grant
    raise exceptions.RefreshError(
google.auth.exceptions.RefreshError: Reauthentication is needed. Please run `gcloud auth application-default login` to reauthenticate.
2024-11-04 12:57:21,221 - ERROR - AuthMetadataPluginCallback "<google.auth.transport.grpc.AuthMetadataPlugin object at 0x11cda5b90>" raised exception!
Traceback (most recent call last):
  File "/Users/Gabriel/DataHub/rag_app_cofares/Web_Cofares/.venv/lib/python3.11/site-packages/grpc/_plugin_wrapping.py", line 105, in __call__
    self._metadata_plugin(
  File "/Users/Gabriel/DataHub/rag_app_cofares/Web_Cofares/.venv/lib/python3.11/site-packages/google/auth/transport/grpc.py", line 95, in __call__
    callback(self._get_authorization_headers(context), None)
             ^^^^^^^^^^^^^^^^^^^^^^^^^^^^^^^^^^^^^^^^
  File "/Users/Gabriel/DataHub/rag_app_cofares/Web_Cofares/.venv/lib/python3.11/site-packages/google/auth/transport/grpc.py", line 81, in _get_authorization_headers
    self._credentials.before_request(
  File "/Users/Gabriel/DataHub/rag_app_cofares/Web_Cofares/.venv/lib/python3.11/site-packages/google/auth/credentials.py", line 239, in before_request
    self._blocking_refresh(request)
  File "/Users/Gabriel/DataHub/rag_app_cofares/Web_Cofares/.venv/lib/python3.11/site-packages/google/auth/credentials.py", line 202, in _blocking_refresh
    self.refresh(request)
  File "/Users/Gabriel/DataHub/rag_app_cofares/Web_Cofares/.venv/lib/python3.11/site-packages/google/oauth2/credentials.py", line 409, in refresh
    ) = reauth.refresh_grant(
        ^^^^^^^^^^^^^^^^^^^^^
  File "/Users/Gabriel/DataHub/rag_app_cofares/Web_Cofares/.venv/lib/python3.11/site-packages/google/oauth2/reauth.py", line 349, in refresh_grant
    raise exceptions.RefreshError(
google.auth.exceptions.RefreshError: Reauthentication is needed. Please run `gcloud auth application-default login` to reauthenticate.
2024-11-04 12:57:21,993 - ERROR - AuthMetadataPluginCallback "<google.auth.transport.grpc.AuthMetadataPlugin object at 0x11cda5b90>" raised exception!
Traceback (most recent call last):
  File "/Users/Gabriel/DataHub/rag_app_cofares/Web_Cofares/.venv/lib/python3.11/site-packages/grpc/_plugin_wrapping.py", line 105, in __call__
    self._metadata_plugin(
  File "/Users/Gabriel/DataHub/rag_app_cofares/Web_Cofares/.venv/lib/python3.11/site-packages/google/auth/transport/grpc.py", line 95, in __call__
    callback(self._get_authorization_headers(context), None)
             ^^^^^^^^^^^^^^^^^^^^^^^^^^^^^^^^^^^^^^^^
  File "/Users/Gabriel/DataHub/rag_app_cofares/Web_Cofares/.venv/lib/python3.11/site-packages/google/auth/transport/grpc.py", line 81, in _get_authorization_headers
    self._credentials.before_request(
  File "/Users/Gabriel/DataHub/rag_app_cofares/Web_Cofares/.venv/lib/python3.11/site-packages/google/auth/credentials.py", line 239, in before_request
    self._blocking_refresh(request)
  File "/Users/Gabriel/DataHub/rag_app_cofares/Web_Cofares/.venv/lib/python3.11/site-packages/google/auth/credentials.py", line 202, in _blocking_refresh
    self.refresh(request)
  File "/Users/Gabriel/DataHub/rag_app_cofares/Web_Cofares/.venv/lib/python3.11/site-packages/google/oauth2/credentials.py", line 409, in refresh
    ) = reauth.refresh_grant(
        ^^^^^^^^^^^^^^^^^^^^^
  File "/Users/Gabriel/DataHub/rag_app_cofares/Web_Cofares/.venv/lib/python3.11/site-packages/google/oauth2/reauth.py", line 349, in refresh_grant
    raise exceptions.RefreshError(
google.auth.exceptions.RefreshError: Reauthentication is needed. Please run `gcloud auth application-default login` to reauthenticate.
2024-11-04 12:57:22,731 - ERROR - AuthMetadataPluginCallback "<google.auth.transport.grpc.AuthMetadataPlugin object at 0x11cda5b90>" raised exception!
Traceback (most recent call last):
  File "/Users/Gabriel/DataHub/rag_app_cofares/Web_Cofares/.venv/lib/python3.11/site-packages/grpc/_plugin_wrapping.py", line 105, in __call__
    self._metadata_plugin(
  File "/Users/Gabriel/DataHub/rag_app_cofares/Web_Cofares/.venv/lib/python3.11/site-packages/google/auth/transport/grpc.py", line 95, in __call__
    callback(self._get_authorization_headers(context), None)
             ^^^^^^^^^^^^^^^^^^^^^^^^^^^^^^^^^^^^^^^^
  File "/Users/Gabriel/DataHub/rag_app_cofares/Web_Cofares/.venv/lib/python3.11/site-packages/google/auth/transport/grpc.py", line 81, in _get_authorization_headers
    self._credentials.before_request(
  File "/Users/Gabriel/DataHub/rag_app_cofares/Web_Cofares/.venv/lib/python3.11/site-packages/google/auth/credentials.py", line 239, in before_request
    self._blocking_refresh(request)
  File "/Users/Gabriel/DataHub/rag_app_cofares/Web_Cofares/.venv/lib/python3.11/site-packages/google/auth/credentials.py", line 202, in _blocking_refresh
    self.refresh(request)
  File "/Users/Gabriel/DataHub/rag_app_cofares/Web_Cofares/.venv/lib/python3.11/site-packages/google/oauth2/credentials.py", line 409, in refresh
    ) = reauth.refresh_grant(
        ^^^^^^^^^^^^^^^^^^^^^
  File "/Users/Gabriel/DataHub/rag_app_cofares/Web_Cofares/.venv/lib/python3.11/site-packages/google/oauth2/reauth.py", line 349, in refresh_grant
    raise exceptions.RefreshError(
google.auth.exceptions.RefreshError: Reauthentication is needed. Please run `gcloud auth application-default login` to reauthenticate.
2024-11-04 12:57:22,936 - ERROR - AuthMetadataPluginCallback "<google.auth.transport.grpc.AuthMetadataPlugin object at 0x11cda5b90>" raised exception!
Traceback (most recent call last):
  File "/Users/Gabriel/DataHub/rag_app_cofares/Web_Cofares/.venv/lib/python3.11/site-packages/grpc/_plugin_wrapping.py", line 105, in __call__
    self._metadata_plugin(
  File "/Users/Gabriel/DataHub/rag_app_cofares/Web_Cofares/.venv/lib/python3.11/site-packages/google/auth/transport/grpc.py", line 95, in __call__
    callback(self._get_authorization_headers(context), None)
             ^^^^^^^^^^^^^^^^^^^^^^^^^^^^^^^^^^^^^^^^
  File "/Users/Gabriel/DataHub/rag_app_cofares/Web_Cofares/.venv/lib/python3.11/site-packages/google/auth/transport/grpc.py", line 81, in _get_authorization_headers
    self._credentials.before_request(
  File "/Users/Gabriel/DataHub/rag_app_cofares/Web_Cofares/.venv/lib/python3.11/site-packages/google/auth/credentials.py", line 239, in before_request
    self._blocking_refresh(request)
  File "/Users/Gabriel/DataHub/rag_app_cofares/Web_Cofares/.venv/lib/python3.11/site-packages/google/auth/credentials.py", line 202, in _blocking_refresh
    self.refresh(request)
  File "/Users/Gabriel/DataHub/rag_app_cofares/Web_Cofares/.venv/lib/python3.11/site-packages/google/oauth2/credentials.py", line 409, in refresh
    ) = reauth.refresh_grant(
        ^^^^^^^^^^^^^^^^^^^^^
  File "/Users/Gabriel/DataHub/rag_app_cofares/Web_Cofares/.venv/lib/python3.11/site-packages/google/oauth2/reauth.py", line 349, in refresh_grant
    raise exceptions.RefreshError(
google.auth.exceptions.RefreshError: Reauthentication is needed. Please run `gcloud auth application-default login` to reauthenticate.
2024-11-04 12:57:24,411 - ERROR - AuthMetadataPluginCallback "<google.auth.transport.grpc.AuthMetadataPlugin object at 0x11cda5b90>" raised exception!
Traceback (most recent call last):
  File "/Users/Gabriel/DataHub/rag_app_cofares/Web_Cofares/.venv/lib/python3.11/site-packages/grpc/_plugin_wrapping.py", line 105, in __call__
    self._metadata_plugin(
  File "/Users/Gabriel/DataHub/rag_app_cofares/Web_Cofares/.venv/lib/python3.11/site-packages/google/auth/transport/grpc.py", line 95, in __call__
    callback(self._get_authorization_headers(context), None)
             ^^^^^^^^^^^^^^^^^^^^^^^^^^^^^^^^^^^^^^^^
  File "/Users/Gabriel/DataHub/rag_app_cofares/Web_Cofares/.venv/lib/python3.11/site-packages/google/auth/transport/grpc.py", line 81, in _get_authorization_headers
    self._credentials.before_request(
  File "/Users/Gabriel/DataHub/rag_app_cofares/Web_Cofares/.venv/lib/python3.11/site-packages/google/auth/credentials.py", line 239, in before_request
    self._blocking_refresh(request)
  File "/Users/Gabriel/DataHub/rag_app_cofares/Web_Cofares/.venv/lib/python3.11/site-packages/google/auth/credentials.py", line 202, in _blocking_refresh
    self.refresh(request)
  File "/Users/Gabriel/DataHub/rag_app_cofares/Web_Cofares/.venv/lib/python3.11/site-packages/google/oauth2/credentials.py", line 409, in refresh
    ) = reauth.refresh_grant(
        ^^^^^^^^^^^^^^^^^^^^^
  File "/Users/Gabriel/DataHub/rag_app_cofares/Web_Cofares/.venv/lib/python3.11/site-packages/google/oauth2/reauth.py", line 349, in refresh_grant
    raise exceptions.RefreshError(
google.auth.exceptions.RefreshError: Reauthentication is needed. Please run `gcloud auth application-default login` to reauthenticate.
2024-11-04 12:57:25,041 - ERROR - AuthMetadataPluginCallback "<google.auth.transport.grpc.AuthMetadataPlugin object at 0x11cda5b90>" raised exception!
Traceback (most recent call last):
  File "/Users/Gabriel/DataHub/rag_app_cofares/Web_Cofares/.venv/lib/python3.11/site-packages/grpc/_plugin_wrapping.py", line 105, in __call__
    self._metadata_plugin(
  File "/Users/Gabriel/DataHub/rag_app_cofares/Web_Cofares/.venv/lib/python3.11/site-packages/google/auth/transport/grpc.py", line 95, in __call__
    callback(self._get_authorization_headers(context), None)
             ^^^^^^^^^^^^^^^^^^^^^^^^^^^^^^^^^^^^^^^^
  File "/Users/Gabriel/DataHub/rag_app_cofares/Web_Cofares/.venv/lib/python3.11/site-packages/google/auth/transport/grpc.py", line 81, in _get_authorization_headers
    self._credentials.before_request(
  File "/Users/Gabriel/DataHub/rag_app_cofares/Web_Cofares/.venv/lib/python3.11/site-packages/google/auth/credentials.py", line 239, in before_request
    self._blocking_refresh(request)
  File "/Users/Gabriel/DataHub/rag_app_cofares/Web_Cofares/.venv/lib/python3.11/site-packages/google/auth/credentials.py", line 202, in _blocking_refresh
    self.refresh(request)
  File "/Users/Gabriel/DataHub/rag_app_cofares/Web_Cofares/.venv/lib/python3.11/site-packages/google/oauth2/credentials.py", line 409, in refresh
    ) = reauth.refresh_grant(
        ^^^^^^^^^^^^^^^^^^^^^
  File "/Users/Gabriel/DataHub/rag_app_cofares/Web_Cofares/.venv/lib/python3.11/site-packages/google/oauth2/reauth.py", line 349, in refresh_grant
    raise exceptions.RefreshError(
google.auth.exceptions.RefreshError: Reauthentication is needed. Please run `gcloud auth application-default login` to reauthenticate.
2024-11-04 12:57:26,808 - ERROR - AuthMetadataPluginCallback "<google.auth.transport.grpc.AuthMetadataPlugin object at 0x11cda5b90>" raised exception!
Traceback (most recent call last):
  File "/Users/Gabriel/DataHub/rag_app_cofares/Web_Cofares/.venv/lib/python3.11/site-packages/grpc/_plugin_wrapping.py", line 105, in __call__
    self._metadata_plugin(
  File "/Users/Gabriel/DataHub/rag_app_cofares/Web_Cofares/.venv/lib/python3.11/site-packages/google/auth/transport/grpc.py", line 95, in __call__
    callback(self._get_authorization_headers(context), None)
             ^^^^^^^^^^^^^^^^^^^^^^^^^^^^^^^^^^^^^^^^
  File "/Users/Gabriel/DataHub/rag_app_cofares/Web_Cofares/.venv/lib/python3.11/site-packages/google/auth/transport/grpc.py", line 81, in _get_authorization_headers
    self._credentials.before_request(
  File "/Users/Gabriel/DataHub/rag_app_cofares/Web_Cofares/.venv/lib/python3.11/site-packages/google/auth/credentials.py", line 239, in before_request
    self._blocking_refresh(request)
  File "/Users/Gabriel/DataHub/rag_app_cofares/Web_Cofares/.venv/lib/python3.11/site-packages/google/auth/credentials.py", line 202, in _blocking_refresh
    self.refresh(request)
  File "/Users/Gabriel/DataHub/rag_app_cofares/Web_Cofares/.venv/lib/python3.11/site-packages/google/oauth2/credentials.py", line 409, in refresh
    ) = reauth.refresh_grant(
        ^^^^^^^^^^^^^^^^^^^^^
  File "/Users/Gabriel/DataHub/rag_app_cofares/Web_Cofares/.venv/lib/python3.11/site-packages/google/oauth2/reauth.py", line 349, in refresh_grant
    raise exceptions.RefreshError(
google.auth.exceptions.RefreshError: Reauthentication is needed. Please run `gcloud auth application-default login` to reauthenticate.
2024-11-04 12:57:28,158 - ERROR - AuthMetadataPluginCallback "<google.auth.transport.grpc.AuthMetadataPlugin object at 0x11cda5b90>" raised exception!
Traceback (most recent call last):
  File "/Users/Gabriel/DataHub/rag_app_cofares/Web_Cofares/.venv/lib/python3.11/site-packages/grpc/_plugin_wrapping.py", line 105, in __call__
    self._metadata_plugin(
  File "/Users/Gabriel/DataHub/rag_app_cofares/Web_Cofares/.venv/lib/python3.11/site-packages/google/auth/transport/grpc.py", line 95, in __call__
    callback(self._get_authorization_headers(context), None)
             ^^^^^^^^^^^^^^^^^^^^^^^^^^^^^^^^^^^^^^^^
  File "/Users/Gabriel/DataHub/rag_app_cofares/Web_Cofares/.venv/lib/python3.11/site-packages/google/auth/transport/grpc.py", line 81, in _get_authorization_headers
    self._credentials.before_request(
  File "/Users/Gabriel/DataHub/rag_app_cofares/Web_Cofares/.venv/lib/python3.11/site-packages/google/auth/credentials.py", line 239, in before_request
    self._blocking_refresh(request)
  File "/Users/Gabriel/DataHub/rag_app_cofares/Web_Cofares/.venv/lib/python3.11/site-packages/google/auth/credentials.py", line 202, in _blocking_refresh
    self.refresh(request)
  File "/Users/Gabriel/DataHub/rag_app_cofares/Web_Cofares/.venv/lib/python3.11/site-packages/google/oauth2/credentials.py", line 409, in refresh
    ) = reauth.refresh_grant(
        ^^^^^^^^^^^^^^^^^^^^^
  File "/Users/Gabriel/DataHub/rag_app_cofares/Web_Cofares/.venv/lib/python3.11/site-packages/google/oauth2/reauth.py", line 349, in refresh_grant
    raise exceptions.RefreshError(
google.auth.exceptions.RefreshError: Reauthentication is needed. Please run `gcloud auth application-default login` to reauthenticate.
2024-11-04 12:57:29,830 - ERROR - AuthMetadataPluginCallback "<google.auth.transport.grpc.AuthMetadataPlugin object at 0x11cda5b90>" raised exception!
Traceback (most recent call last):
  File "/Users/Gabriel/DataHub/rag_app_cofares/Web_Cofares/.venv/lib/python3.11/site-packages/grpc/_plugin_wrapping.py", line 105, in __call__
    self._metadata_plugin(
  File "/Users/Gabriel/DataHub/rag_app_cofares/Web_Cofares/.venv/lib/python3.11/site-packages/google/auth/transport/grpc.py", line 95, in __call__
    callback(self._get_authorization_headers(context), None)
             ^^^^^^^^^^^^^^^^^^^^^^^^^^^^^^^^^^^^^^^^
  File "/Users/Gabriel/DataHub/rag_app_cofares/Web_Cofares/.venv/lib/python3.11/site-packages/google/auth/transport/grpc.py", line 81, in _get_authorization_headers
    self._credentials.before_request(
  File "/Users/Gabriel/DataHub/rag_app_cofares/Web_Cofares/.venv/lib/python3.11/site-packages/google/auth/credentials.py", line 239, in before_request
    self._blocking_refresh(request)
  File "/Users/Gabriel/DataHub/rag_app_cofares/Web_Cofares/.venv/lib/python3.11/site-packages/google/auth/credentials.py", line 202, in _blocking_refresh
    self.refresh(request)
  File "/Users/Gabriel/DataHub/rag_app_cofares/Web_Cofares/.venv/lib/python3.11/site-packages/google/oauth2/credentials.py", line 409, in refresh
    ) = reauth.refresh_grant(
        ^^^^^^^^^^^^^^^^^^^^^
  File "/Users/Gabriel/DataHub/rag_app_cofares/Web_Cofares/.venv/lib/python3.11/site-packages/google/oauth2/reauth.py", line 349, in refresh_grant
    raise exceptions.RefreshError(
google.auth.exceptions.RefreshError: Reauthentication is needed. Please run `gcloud auth application-default login` to reauthenticate.
2024-11-04 12:57:32,875 - ERROR - AuthMetadataPluginCallback "<google.auth.transport.grpc.AuthMetadataPlugin object at 0x11cda5b90>" raised exception!
Traceback (most recent call last):
  File "/Users/Gabriel/DataHub/rag_app_cofares/Web_Cofares/.venv/lib/python3.11/site-packages/grpc/_plugin_wrapping.py", line 105, in __call__
    self._metadata_plugin(
  File "/Users/Gabriel/DataHub/rag_app_cofares/Web_Cofares/.venv/lib/python3.11/site-packages/google/auth/transport/grpc.py", line 95, in __call__
    callback(self._get_authorization_headers(context), None)
             ^^^^^^^^^^^^^^^^^^^^^^^^^^^^^^^^^^^^^^^^
  File "/Users/Gabriel/DataHub/rag_app_cofares/Web_Cofares/.venv/lib/python3.11/site-packages/google/auth/transport/grpc.py", line 81, in _get_authorization_headers
    self._credentials.before_request(
  File "/Users/Gabriel/DataHub/rag_app_cofares/Web_Cofares/.venv/lib/python3.11/site-packages/google/auth/credentials.py", line 239, in before_request
    self._blocking_refresh(request)
  File "/Users/Gabriel/DataHub/rag_app_cofares/Web_Cofares/.venv/lib/python3.11/site-packages/google/auth/credentials.py", line 202, in _blocking_refresh
    self.refresh(request)
  File "/Users/Gabriel/DataHub/rag_app_cofares/Web_Cofares/.venv/lib/python3.11/site-packages/google/oauth2/credentials.py", line 409, in refresh
    ) = reauth.refresh_grant(
        ^^^^^^^^^^^^^^^^^^^^^
  File "/Users/Gabriel/DataHub/rag_app_cofares/Web_Cofares/.venv/lib/python3.11/site-packages/google/oauth2/reauth.py", line 349, in refresh_grant
    raise exceptions.RefreshError(
google.auth.exceptions.RefreshError: Reauthentication is needed. Please run `gcloud auth application-default login` to reauthenticate.
2024-11-04 12:57:33,774 - ERROR - AuthMetadataPluginCallback "<google.auth.transport.grpc.AuthMetadataPlugin object at 0x11cda5b90>" raised exception!
Traceback (most recent call last):
  File "/Users/Gabriel/DataHub/rag_app_cofares/Web_Cofares/.venv/lib/python3.11/site-packages/grpc/_plugin_wrapping.py", line 105, in __call__
    self._metadata_plugin(
  File "/Users/Gabriel/DataHub/rag_app_cofares/Web_Cofares/.venv/lib/python3.11/site-packages/google/auth/transport/grpc.py", line 95, in __call__
    callback(self._get_authorization_headers(context), None)
             ^^^^^^^^^^^^^^^^^^^^^^^^^^^^^^^^^^^^^^^^
  File "/Users/Gabriel/DataHub/rag_app_cofares/Web_Cofares/.venv/lib/python3.11/site-packages/google/auth/transport/grpc.py", line 81, in _get_authorization_headers
    self._credentials.before_request(
  File "/Users/Gabriel/DataHub/rag_app_cofares/Web_Cofares/.venv/lib/python3.11/site-packages/google/auth/credentials.py", line 239, in before_request
    self._blocking_refresh(request)
  File "/Users/Gabriel/DataHub/rag_app_cofares/Web_Cofares/.venv/lib/python3.11/site-packages/google/auth/credentials.py", line 202, in _blocking_refresh
    self.refresh(request)
  File "/Users/Gabriel/DataHub/rag_app_cofares/Web_Cofares/.venv/lib/python3.11/site-packages/google/oauth2/credentials.py", line 409, in refresh
    ) = reauth.refresh_grant(
        ^^^^^^^^^^^^^^^^^^^^^
  File "/Users/Gabriel/DataHub/rag_app_cofares/Web_Cofares/.venv/lib/python3.11/site-packages/google/oauth2/reauth.py", line 349, in refresh_grant
    raise exceptions.RefreshError(
google.auth.exceptions.RefreshError: Reauthentication is needed. Please run `gcloud auth application-default login` to reauthenticate.
2024-11-04 12:57:38,299 - ERROR - AuthMetadataPluginCallback "<google.auth.transport.grpc.AuthMetadataPlugin object at 0x11cda5b90>" raised exception!
Traceback (most recent call last):
  File "/Users/Gabriel/DataHub/rag_app_cofares/Web_Cofares/.venv/lib/python3.11/site-packages/grpc/_plugin_wrapping.py", line 105, in __call__
    self._metadata_plugin(
  File "/Users/Gabriel/DataHub/rag_app_cofares/Web_Cofares/.venv/lib/python3.11/site-packages/google/auth/transport/grpc.py", line 95, in __call__
    callback(self._get_authorization_headers(context), None)
             ^^^^^^^^^^^^^^^^^^^^^^^^^^^^^^^^^^^^^^^^
  File "/Users/Gabriel/DataHub/rag_app_cofares/Web_Cofares/.venv/lib/python3.11/site-packages/google/auth/transport/grpc.py", line 81, in _get_authorization_headers
    self._credentials.before_request(
  File "/Users/Gabriel/DataHub/rag_app_cofares/Web_Cofares/.venv/lib/python3.11/site-packages/google/auth/credentials.py", line 239, in before_request
    self._blocking_refresh(request)
  File "/Users/Gabriel/DataHub/rag_app_cofares/Web_Cofares/.venv/lib/python3.11/site-packages/google/auth/credentials.py", line 202, in _blocking_refresh
    self.refresh(request)
  File "/Users/Gabriel/DataHub/rag_app_cofares/Web_Cofares/.venv/lib/python3.11/site-packages/google/oauth2/credentials.py", line 409, in refresh
    ) = reauth.refresh_grant(
        ^^^^^^^^^^^^^^^^^^^^^
  File "/Users/Gabriel/DataHub/rag_app_cofares/Web_Cofares/.venv/lib/python3.11/site-packages/google/oauth2/reauth.py", line 349, in refresh_grant
    raise exceptions.RefreshError(
google.auth.exceptions.RefreshError: Reauthentication is needed. Please run `gcloud auth application-default login` to reauthenticate.
2024-11-04 12:57:47,223 - ERROR - AuthMetadataPluginCallback "<google.auth.transport.grpc.AuthMetadataPlugin object at 0x11cda5b90>" raised exception!
Traceback (most recent call last):
  File "/Users/Gabriel/DataHub/rag_app_cofares/Web_Cofares/.venv/lib/python3.11/site-packages/grpc/_plugin_wrapping.py", line 105, in __call__
    self._metadata_plugin(
  File "/Users/Gabriel/DataHub/rag_app_cofares/Web_Cofares/.venv/lib/python3.11/site-packages/google/auth/transport/grpc.py", line 95, in __call__
    callback(self._get_authorization_headers(context), None)
             ^^^^^^^^^^^^^^^^^^^^^^^^^^^^^^^^^^^^^^^^
  File "/Users/Gabriel/DataHub/rag_app_cofares/Web_Cofares/.venv/lib/python3.11/site-packages/google/auth/transport/grpc.py", line 81, in _get_authorization_headers
    self._credentials.before_request(
  File "/Users/Gabriel/DataHub/rag_app_cofares/Web_Cofares/.venv/lib/python3.11/site-packages/google/auth/credentials.py", line 239, in before_request
    self._blocking_refresh(request)
  File "/Users/Gabriel/DataHub/rag_app_cofares/Web_Cofares/.venv/lib/python3.11/site-packages/google/auth/credentials.py", line 202, in _blocking_refresh
    self.refresh(request)
  File "/Users/Gabriel/DataHub/rag_app_cofares/Web_Cofares/.venv/lib/python3.11/site-packages/google/oauth2/credentials.py", line 409, in refresh
    ) = reauth.refresh_grant(
        ^^^^^^^^^^^^^^^^^^^^^
  File "/Users/Gabriel/DataHub/rag_app_cofares/Web_Cofares/.venv/lib/python3.11/site-packages/google/oauth2/reauth.py", line 349, in refresh_grant
    raise exceptions.RefreshError(
google.auth.exceptions.RefreshError: Reauthentication is needed. Please run `gcloud auth application-default login` to reauthenticate.
2024-11-04 12:57:54,460 - ERROR - AuthMetadataPluginCallback "<google.auth.transport.grpc.AuthMetadataPlugin object at 0x11cda5b90>" raised exception!
Traceback (most recent call last):
  File "/Users/Gabriel/DataHub/rag_app_cofares/Web_Cofares/.venv/lib/python3.11/site-packages/grpc/_plugin_wrapping.py", line 105, in __call__
    self._metadata_plugin(
  File "/Users/Gabriel/DataHub/rag_app_cofares/Web_Cofares/.venv/lib/python3.11/site-packages/google/auth/transport/grpc.py", line 95, in __call__
    callback(self._get_authorization_headers(context), None)
             ^^^^^^^^^^^^^^^^^^^^^^^^^^^^^^^^^^^^^^^^
  File "/Users/Gabriel/DataHub/rag_app_cofares/Web_Cofares/.venv/lib/python3.11/site-packages/google/auth/transport/grpc.py", line 81, in _get_authorization_headers
    self._credentials.before_request(
  File "/Users/Gabriel/DataHub/rag_app_cofares/Web_Cofares/.venv/lib/python3.11/site-packages/google/auth/credentials.py", line 239, in before_request
    self._blocking_refresh(request)
  File "/Users/Gabriel/DataHub/rag_app_cofares/Web_Cofares/.venv/lib/python3.11/site-packages/google/auth/credentials.py", line 202, in _blocking_refresh
    self.refresh(request)
  File "/Users/Gabriel/DataHub/rag_app_cofares/Web_Cofares/.venv/lib/python3.11/site-packages/google/oauth2/credentials.py", line 409, in refresh
    ) = reauth.refresh_grant(
        ^^^^^^^^^^^^^^^^^^^^^
  File "/Users/Gabriel/DataHub/rag_app_cofares/Web_Cofares/.venv/lib/python3.11/site-packages/google/oauth2/reauth.py", line 349, in refresh_grant
    raise exceptions.RefreshError(
google.auth.exceptions.RefreshError: Reauthentication is needed. Please run `gcloud auth application-default login` to reauthenticate.
2024-11-04 12:57:54,642 - ERROR - AuthMetadataPluginCallback "<google.auth.transport.grpc.AuthMetadataPlugin object at 0x11cda5b90>" raised exception!
Traceback (most recent call last):
  File "/Users/Gabriel/DataHub/rag_app_cofares/Web_Cofares/.venv/lib/python3.11/site-packages/grpc/_plugin_wrapping.py", line 105, in __call__
    self._metadata_plugin(
  File "/Users/Gabriel/DataHub/rag_app_cofares/Web_Cofares/.venv/lib/python3.11/site-packages/google/auth/transport/grpc.py", line 95, in __call__
    callback(self._get_authorization_headers(context), None)
             ^^^^^^^^^^^^^^^^^^^^^^^^^^^^^^^^^^^^^^^^
  File "/Users/Gabriel/DataHub/rag_app_cofares/Web_Cofares/.venv/lib/python3.11/site-packages/google/auth/transport/grpc.py", line 81, in _get_authorization_headers
    self._credentials.before_request(
  File "/Users/Gabriel/DataHub/rag_app_cofares/Web_Cofares/.venv/lib/python3.11/site-packages/google/auth/credentials.py", line 239, in before_request
    self._blocking_refresh(request)
  File "/Users/Gabriel/DataHub/rag_app_cofares/Web_Cofares/.venv/lib/python3.11/site-packages/google/auth/credentials.py", line 202, in _blocking_refresh
    self.refresh(request)
  File "/Users/Gabriel/DataHub/rag_app_cofares/Web_Cofares/.venv/lib/python3.11/site-packages/google/oauth2/credentials.py", line 409, in refresh
    ) = reauth.refresh_grant(
        ^^^^^^^^^^^^^^^^^^^^^
  File "/Users/Gabriel/DataHub/rag_app_cofares/Web_Cofares/.venv/lib/python3.11/site-packages/google/oauth2/reauth.py", line 349, in refresh_grant
    raise exceptions.RefreshError(
google.auth.exceptions.RefreshError: Reauthentication is needed. Please run `gcloud auth application-default login` to reauthenticate.
2024-11-04 12:57:57,850 - ERROR - AuthMetadataPluginCallback "<google.auth.transport.grpc.AuthMetadataPlugin object at 0x11cda5b90>" raised exception!
Traceback (most recent call last):
  File "/Users/Gabriel/DataHub/rag_app_cofares/Web_Cofares/.venv/lib/python3.11/site-packages/grpc/_plugin_wrapping.py", line 105, in __call__
    self._metadata_plugin(
  File "/Users/Gabriel/DataHub/rag_app_cofares/Web_Cofares/.venv/lib/python3.11/site-packages/google/auth/transport/grpc.py", line 95, in __call__
    callback(self._get_authorization_headers(context), None)
             ^^^^^^^^^^^^^^^^^^^^^^^^^^^^^^^^^^^^^^^^
  File "/Users/Gabriel/DataHub/rag_app_cofares/Web_Cofares/.venv/lib/python3.11/site-packages/google/auth/transport/grpc.py", line 81, in _get_authorization_headers
    self._credentials.before_request(
  File "/Users/Gabriel/DataHub/rag_app_cofares/Web_Cofares/.venv/lib/python3.11/site-packages/google/auth/credentials.py", line 239, in before_request
    self._blocking_refresh(request)
  File "/Users/Gabriel/DataHub/rag_app_cofares/Web_Cofares/.venv/lib/python3.11/site-packages/google/auth/credentials.py", line 202, in _blocking_refresh
    self.refresh(request)
  File "/Users/Gabriel/DataHub/rag_app_cofares/Web_Cofares/.venv/lib/python3.11/site-packages/google/oauth2/credentials.py", line 409, in refresh
    ) = reauth.refresh_grant(
        ^^^^^^^^^^^^^^^^^^^^^
  File "/Users/Gabriel/DataHub/rag_app_cofares/Web_Cofares/.venv/lib/python3.11/site-packages/google/oauth2/reauth.py", line 349, in refresh_grant
    raise exceptions.RefreshError(
google.auth.exceptions.RefreshError: Reauthentication is needed. Please run `gcloud auth application-default login` to reauthenticate.
2024-11-04 12:58:05,606 - ERROR - AuthMetadataPluginCallback "<google.auth.transport.grpc.AuthMetadataPlugin object at 0x11cda5b90>" raised exception!
Traceback (most recent call last):
  File "/Users/Gabriel/DataHub/rag_app_cofares/Web_Cofares/.venv/lib/python3.11/site-packages/grpc/_plugin_wrapping.py", line 105, in __call__
    self._metadata_plugin(
  File "/Users/Gabriel/DataHub/rag_app_cofares/Web_Cofares/.venv/lib/python3.11/site-packages/google/auth/transport/grpc.py", line 95, in __call__
    callback(self._get_authorization_headers(context), None)
             ^^^^^^^^^^^^^^^^^^^^^^^^^^^^^^^^^^^^^^^^
  File "/Users/Gabriel/DataHub/rag_app_cofares/Web_Cofares/.venv/lib/python3.11/site-packages/google/auth/transport/grpc.py", line 81, in _get_authorization_headers
    self._credentials.before_request(
  File "/Users/Gabriel/DataHub/rag_app_cofares/Web_Cofares/.venv/lib/python3.11/site-packages/google/auth/credentials.py", line 239, in before_request
    self._blocking_refresh(request)
  File "/Users/Gabriel/DataHub/rag_app_cofares/Web_Cofares/.venv/lib/python3.11/site-packages/google/auth/credentials.py", line 202, in _blocking_refresh
    self.refresh(request)
  File "/Users/Gabriel/DataHub/rag_app_cofares/Web_Cofares/.venv/lib/python3.11/site-packages/google/oauth2/credentials.py", line 409, in refresh
    ) = reauth.refresh_grant(
        ^^^^^^^^^^^^^^^^^^^^^
  File "/Users/Gabriel/DataHub/rag_app_cofares/Web_Cofares/.venv/lib/python3.11/site-packages/google/oauth2/reauth.py", line 349, in refresh_grant
    raise exceptions.RefreshError(
google.auth.exceptions.RefreshError: Reauthentication is needed. Please run `gcloud auth application-default login` to reauthenticate.
2024-11-04 12:58:05,609 - WARNING - Failed to convert project number to project ID.
Traceback (most recent call last):
  File "/Users/Gabriel/DataHub/rag_app_cofares/Web_Cofares/.venv/lib/python3.11/site-packages/google/api_core/grpc_helpers.py", line 76, in error_remapped_callable
    return callable_(*args, **kwargs)
           ^^^^^^^^^^^^^^^^^^^^^^^^^^
  File "/Users/Gabriel/DataHub/rag_app_cofares/Web_Cofares/.venv/lib/python3.11/site-packages/grpc/_channel.py", line 1181, in __call__
    return _end_unary_response_blocking(state, call, False, None)
           ^^^^^^^^^^^^^^^^^^^^^^^^^^^^^^^^^^^^^^^^^^^^^^^^^^^^^^
  File "/Users/Gabriel/DataHub/rag_app_cofares/Web_Cofares/.venv/lib/python3.11/site-packages/grpc/_channel.py", line 1006, in _end_unary_response_blocking
    raise _InactiveRpcError(state)  # pytype: disable=not-instantiable
    ^^^^^^^^^^^^^^^^^^^^^^^^^^^^^^
grpc._channel._InactiveRpcError: <_InactiveRpcError of RPC that terminated with:
	status = StatusCode.UNAVAILABLE
	details = "Getting metadata from plugin failed with error: Reauthentication is needed. Please run `gcloud auth application-default login` to reauthenticate."
	debug_error_string = "UNKNOWN:Error received from peer  {grpc_message:"Getting metadata from plugin failed with error: Reauthentication is needed. Please run `gcloud auth application-default login` to reauthenticate.", grpc_status:14, created_time:"2024-11-04T12:58:05.608253+01:00"}"
>

The above exception was the direct cause of the following exception:

Traceback (most recent call last):
  File "/Users/Gabriel/DataHub/rag_app_cofares/Web_Cofares/.venv/lib/python3.11/site-packages/google/api_core/retry/retry_unary.py", line 144, in retry_target
    result = target()
             ^^^^^^^^
  File "/Users/Gabriel/DataHub/rag_app_cofares/Web_Cofares/.venv/lib/python3.11/site-packages/google/api_core/timeout.py", line 120, in func_with_timeout
    return func(*args, **kwargs)
           ^^^^^^^^^^^^^^^^^^^^^
  File "/Users/Gabriel/DataHub/rag_app_cofares/Web_Cofares/.venv/lib/python3.11/site-packages/google/api_core/grpc_helpers.py", line 78, in error_remapped_callable
    raise exceptions.from_grpc_error(exc) from exc
google.api_core.exceptions.ServiceUnavailable: 503 Getting metadata from plugin failed with error: Reauthentication is needed. Please run `gcloud auth application-default login` to reauthenticate.

The above exception was the direct cause of the following exception:

Traceback (most recent call last):
  File "/Users/Gabriel/DataHub/rag_app_cofares/Web_Cofares/.venv/lib/python3.11/site-packages/google/cloud/aiplatform/initializer.py", line 101, in _set_project_as_env_var_or_google_auth_default
    project_id = resource_manager_utils.get_project_id(
                 ^^^^^^^^^^^^^^^^^^^^^^^^^^^^^^^^^^^^^^
  File "/Users/Gabriel/DataHub/rag_app_cofares/Web_Cofares/.venv/lib/python3.11/site-packages/google/cloud/aiplatform/utils/resource_manager_utils.py", line 48, in get_project_id
    project = projects_client.get_project(name=f"projects/{project_number}")
              ^^^^^^^^^^^^^^^^^^^^^^^^^^^^^^^^^^^^^^^^^^^^^^^^^^^^^^^^^^^^^^
  File "/Users/Gabriel/DataHub/rag_app_cofares/Web_Cofares/.venv/lib/python3.11/site-packages/google/cloud/resourcemanager_v3/services/projects/client.py", line 776, in get_project
    response = rpc(
               ^^^^
  File "/Users/Gabriel/DataHub/rag_app_cofares/Web_Cofares/.venv/lib/python3.11/site-packages/google/api_core/gapic_v1/method.py", line 131, in __call__
    return wrapped_func(*args, **kwargs)
           ^^^^^^^^^^^^^^^^^^^^^^^^^^^^^
  File "/Users/Gabriel/DataHub/rag_app_cofares/Web_Cofares/.venv/lib/python3.11/site-packages/google/api_core/retry/retry_unary.py", line 293, in retry_wrapped_func
    return retry_target(
           ^^^^^^^^^^^^^
  File "/Users/Gabriel/DataHub/rag_app_cofares/Web_Cofares/.venv/lib/python3.11/site-packages/google/api_core/retry/retry_unary.py", line 153, in retry_target
    _retry_error_helper(
  File "/Users/Gabriel/DataHub/rag_app_cofares/Web_Cofares/.venv/lib/python3.11/site-packages/google/api_core/retry/retry_base.py", line 221, in _retry_error_helper
    raise final_exc from source_exc
google.api_core.exceptions.RetryError: Timeout of 60.0s exceeded, last exception: 503 Getting metadata from plugin failed with error: Reauthentication is needed. Please run `gcloud auth application-default login` to reauthenticate.
2024-11-04 12:58:05,685 - WARNING -  * Debugger is active!
2024-11-04 12:58:05,714 - INFO -  * Debugger PIN: 880-281-726
2024-11-04 13:01:04,858 - ERROR - AuthMetadataPluginCallback "<google.auth.transport.grpc.AuthMetadataPlugin object at 0x11c4a19d0>" raised exception!
Traceback (most recent call last):
  File "/Users/Gabriel/DataHub/rag_app_cofares/Web_Cofares/.venv/lib/python3.11/site-packages/grpc/_plugin_wrapping.py", line 105, in __call__
    self._metadata_plugin(
  File "/Users/Gabriel/DataHub/rag_app_cofares/Web_Cofares/.venv/lib/python3.11/site-packages/google/auth/transport/grpc.py", line 95, in __call__
    callback(self._get_authorization_headers(context), None)
             ^^^^^^^^^^^^^^^^^^^^^^^^^^^^^^^^^^^^^^^^
  File "/Users/Gabriel/DataHub/rag_app_cofares/Web_Cofares/.venv/lib/python3.11/site-packages/google/auth/transport/grpc.py", line 81, in _get_authorization_headers
    self._credentials.before_request(
  File "/Users/Gabriel/DataHub/rag_app_cofares/Web_Cofares/.venv/lib/python3.11/site-packages/google/auth/credentials.py", line 239, in before_request
    self._blocking_refresh(request)
  File "/Users/Gabriel/DataHub/rag_app_cofares/Web_Cofares/.venv/lib/python3.11/site-packages/google/auth/credentials.py", line 202, in _blocking_refresh
    self.refresh(request)
  File "/Users/Gabriel/DataHub/rag_app_cofares/Web_Cofares/.venv/lib/python3.11/site-packages/google/oauth2/credentials.py", line 409, in refresh
    ) = reauth.refresh_grant(
        ^^^^^^^^^^^^^^^^^^^^^
  File "/Users/Gabriel/DataHub/rag_app_cofares/Web_Cofares/.venv/lib/python3.11/site-packages/google/oauth2/reauth.py", line 349, in refresh_grant
    raise exceptions.RefreshError(
google.auth.exceptions.RefreshError: Reauthentication is needed. Please run `gcloud auth application-default login` to reauthenticate.
2024-11-04 13:01:05,197 - ERROR - AuthMetadataPluginCallback "<google.auth.transport.grpc.AuthMetadataPlugin object at 0x11c4a19d0>" raised exception!
Traceback (most recent call last):
  File "/Users/Gabriel/DataHub/rag_app_cofares/Web_Cofares/.venv/lib/python3.11/site-packages/grpc/_plugin_wrapping.py", line 105, in __call__
    self._metadata_plugin(
  File "/Users/Gabriel/DataHub/rag_app_cofares/Web_Cofares/.venv/lib/python3.11/site-packages/google/auth/transport/grpc.py", line 95, in __call__
    callback(self._get_authorization_headers(context), None)
             ^^^^^^^^^^^^^^^^^^^^^^^^^^^^^^^^^^^^^^^^
  File "/Users/Gabriel/DataHub/rag_app_cofares/Web_Cofares/.venv/lib/python3.11/site-packages/google/auth/transport/grpc.py", line 81, in _get_authorization_headers
    self._credentials.before_request(
  File "/Users/Gabriel/DataHub/rag_app_cofares/Web_Cofares/.venv/lib/python3.11/site-packages/google/auth/credentials.py", line 239, in before_request
    self._blocking_refresh(request)
  File "/Users/Gabriel/DataHub/rag_app_cofares/Web_Cofares/.venv/lib/python3.11/site-packages/google/auth/credentials.py", line 202, in _blocking_refresh
    self.refresh(request)
  File "/Users/Gabriel/DataHub/rag_app_cofares/Web_Cofares/.venv/lib/python3.11/site-packages/google/oauth2/credentials.py", line 409, in refresh
    ) = reauth.refresh_grant(
        ^^^^^^^^^^^^^^^^^^^^^
  File "/Users/Gabriel/DataHub/rag_app_cofares/Web_Cofares/.venv/lib/python3.11/site-packages/google/oauth2/reauth.py", line 349, in refresh_grant
    raise exceptions.RefreshError(
google.auth.exceptions.RefreshError: Reauthentication is needed. Please run `gcloud auth application-default login` to reauthenticate.
2024-11-04 13:01:05,538 - ERROR - AuthMetadataPluginCallback "<google.auth.transport.grpc.AuthMetadataPlugin object at 0x11c4a19d0>" raised exception!
Traceback (most recent call last):
  File "/Users/Gabriel/DataHub/rag_app_cofares/Web_Cofares/.venv/lib/python3.11/site-packages/grpc/_plugin_wrapping.py", line 105, in __call__
    self._metadata_plugin(
  File "/Users/Gabriel/DataHub/rag_app_cofares/Web_Cofares/.venv/lib/python3.11/site-packages/google/auth/transport/grpc.py", line 95, in __call__
    callback(self._get_authorization_headers(context), None)
             ^^^^^^^^^^^^^^^^^^^^^^^^^^^^^^^^^^^^^^^^
  File "/Users/Gabriel/DataHub/rag_app_cofares/Web_Cofares/.venv/lib/python3.11/site-packages/google/auth/transport/grpc.py", line 81, in _get_authorization_headers
    self._credentials.before_request(
  File "/Users/Gabriel/DataHub/rag_app_cofares/Web_Cofares/.venv/lib/python3.11/site-packages/google/auth/credentials.py", line 239, in before_request
    self._blocking_refresh(request)
  File "/Users/Gabriel/DataHub/rag_app_cofares/Web_Cofares/.venv/lib/python3.11/site-packages/google/auth/credentials.py", line 202, in _blocking_refresh
    self.refresh(request)
  File "/Users/Gabriel/DataHub/rag_app_cofares/Web_Cofares/.venv/lib/python3.11/site-packages/google/oauth2/credentials.py", line 409, in refresh
    ) = reauth.refresh_grant(
        ^^^^^^^^^^^^^^^^^^^^^
  File "/Users/Gabriel/DataHub/rag_app_cofares/Web_Cofares/.venv/lib/python3.11/site-packages/google/oauth2/reauth.py", line 349, in refresh_grant
    raise exceptions.RefreshError(
google.auth.exceptions.RefreshError: Reauthentication is needed. Please run `gcloud auth application-default login` to reauthenticate.
2024-11-04 13:01:05,943 - ERROR - AuthMetadataPluginCallback "<google.auth.transport.grpc.AuthMetadataPlugin object at 0x11c4a19d0>" raised exception!
Traceback (most recent call last):
  File "/Users/Gabriel/DataHub/rag_app_cofares/Web_Cofares/.venv/lib/python3.11/site-packages/grpc/_plugin_wrapping.py", line 105, in __call__
    self._metadata_plugin(
  File "/Users/Gabriel/DataHub/rag_app_cofares/Web_Cofares/.venv/lib/python3.11/site-packages/google/auth/transport/grpc.py", line 95, in __call__
    callback(self._get_authorization_headers(context), None)
             ^^^^^^^^^^^^^^^^^^^^^^^^^^^^^^^^^^^^^^^^
  File "/Users/Gabriel/DataHub/rag_app_cofares/Web_Cofares/.venv/lib/python3.11/site-packages/google/auth/transport/grpc.py", line 81, in _get_authorization_headers
    self._credentials.before_request(
  File "/Users/Gabriel/DataHub/rag_app_cofares/Web_Cofares/.venv/lib/python3.11/site-packages/google/auth/credentials.py", line 239, in before_request
    self._blocking_refresh(request)
  File "/Users/Gabriel/DataHub/rag_app_cofares/Web_Cofares/.venv/lib/python3.11/site-packages/google/auth/credentials.py", line 202, in _blocking_refresh
    self.refresh(request)
  File "/Users/Gabriel/DataHub/rag_app_cofares/Web_Cofares/.venv/lib/python3.11/site-packages/google/oauth2/credentials.py", line 409, in refresh
    ) = reauth.refresh_grant(
        ^^^^^^^^^^^^^^^^^^^^^
  File "/Users/Gabriel/DataHub/rag_app_cofares/Web_Cofares/.venv/lib/python3.11/site-packages/google/oauth2/reauth.py", line 349, in refresh_grant
    raise exceptions.RefreshError(
google.auth.exceptions.RefreshError: Reauthentication is needed. Please run `gcloud auth application-default login` to reauthenticate.
2024-11-04 13:01:06,368 - ERROR - AuthMetadataPluginCallback "<google.auth.transport.grpc.AuthMetadataPlugin object at 0x11c4a19d0>" raised exception!
Traceback (most recent call last):
  File "/Users/Gabriel/DataHub/rag_app_cofares/Web_Cofares/.venv/lib/python3.11/site-packages/grpc/_plugin_wrapping.py", line 105, in __call__
    self._metadata_plugin(
  File "/Users/Gabriel/DataHub/rag_app_cofares/Web_Cofares/.venv/lib/python3.11/site-packages/google/auth/transport/grpc.py", line 95, in __call__
    callback(self._get_authorization_headers(context), None)
             ^^^^^^^^^^^^^^^^^^^^^^^^^^^^^^^^^^^^^^^^
  File "/Users/Gabriel/DataHub/rag_app_cofares/Web_Cofares/.venv/lib/python3.11/site-packages/google/auth/transport/grpc.py", line 81, in _get_authorization_headers
    self._credentials.before_request(
  File "/Users/Gabriel/DataHub/rag_app_cofares/Web_Cofares/.venv/lib/python3.11/site-packages/google/auth/credentials.py", line 239, in before_request
    self._blocking_refresh(request)
  File "/Users/Gabriel/DataHub/rag_app_cofares/Web_Cofares/.venv/lib/python3.11/site-packages/google/auth/credentials.py", line 202, in _blocking_refresh
    self.refresh(request)
  File "/Users/Gabriel/DataHub/rag_app_cofares/Web_Cofares/.venv/lib/python3.11/site-packages/google/oauth2/credentials.py", line 409, in refresh
    ) = reauth.refresh_grant(
        ^^^^^^^^^^^^^^^^^^^^^
  File "/Users/Gabriel/DataHub/rag_app_cofares/Web_Cofares/.venv/lib/python3.11/site-packages/google/oauth2/reauth.py", line 349, in refresh_grant
    raise exceptions.RefreshError(
google.auth.exceptions.RefreshError: Reauthentication is needed. Please run `gcloud auth application-default login` to reauthenticate.
2024-11-04 13:01:06,683 - ERROR - AuthMetadataPluginCallback "<google.auth.transport.grpc.AuthMetadataPlugin object at 0x11c4a19d0>" raised exception!
Traceback (most recent call last):
  File "/Users/Gabriel/DataHub/rag_app_cofares/Web_Cofares/.venv/lib/python3.11/site-packages/grpc/_plugin_wrapping.py", line 105, in __call__
    self._metadata_plugin(
  File "/Users/Gabriel/DataHub/rag_app_cofares/Web_Cofares/.venv/lib/python3.11/site-packages/google/auth/transport/grpc.py", line 95, in __call__
    callback(self._get_authorization_headers(context), None)
             ^^^^^^^^^^^^^^^^^^^^^^^^^^^^^^^^^^^^^^^^
  File "/Users/Gabriel/DataHub/rag_app_cofares/Web_Cofares/.venv/lib/python3.11/site-packages/google/auth/transport/grpc.py", line 81, in _get_authorization_headers
    self._credentials.before_request(
  File "/Users/Gabriel/DataHub/rag_app_cofares/Web_Cofares/.venv/lib/python3.11/site-packages/google/auth/credentials.py", line 239, in before_request
    self._blocking_refresh(request)
  File "/Users/Gabriel/DataHub/rag_app_cofares/Web_Cofares/.venv/lib/python3.11/site-packages/google/auth/credentials.py", line 202, in _blocking_refresh
    self.refresh(request)
  File "/Users/Gabriel/DataHub/rag_app_cofares/Web_Cofares/.venv/lib/python3.11/site-packages/google/oauth2/credentials.py", line 409, in refresh
    ) = reauth.refresh_grant(
        ^^^^^^^^^^^^^^^^^^^^^
  File "/Users/Gabriel/DataHub/rag_app_cofares/Web_Cofares/.venv/lib/python3.11/site-packages/google/oauth2/reauth.py", line 349, in refresh_grant
    raise exceptions.RefreshError(
google.auth.exceptions.RefreshError: Reauthentication is needed. Please run `gcloud auth application-default login` to reauthenticate.
2024-11-04 13:01:07,033 - ERROR - AuthMetadataPluginCallback "<google.auth.transport.grpc.AuthMetadataPlugin object at 0x11c4a19d0>" raised exception!
Traceback (most recent call last):
  File "/Users/Gabriel/DataHub/rag_app_cofares/Web_Cofares/.venv/lib/python3.11/site-packages/grpc/_plugin_wrapping.py", line 105, in __call__
    self._metadata_plugin(
  File "/Users/Gabriel/DataHub/rag_app_cofares/Web_Cofares/.venv/lib/python3.11/site-packages/google/auth/transport/grpc.py", line 95, in __call__
    callback(self._get_authorization_headers(context), None)
             ^^^^^^^^^^^^^^^^^^^^^^^^^^^^^^^^^^^^^^^^
  File "/Users/Gabriel/DataHub/rag_app_cofares/Web_Cofares/.venv/lib/python3.11/site-packages/google/auth/transport/grpc.py", line 81, in _get_authorization_headers
    self._credentials.before_request(
  File "/Users/Gabriel/DataHub/rag_app_cofares/Web_Cofares/.venv/lib/python3.11/site-packages/google/auth/credentials.py", line 239, in before_request
    self._blocking_refresh(request)
  File "/Users/Gabriel/DataHub/rag_app_cofares/Web_Cofares/.venv/lib/python3.11/site-packages/google/auth/credentials.py", line 202, in _blocking_refresh
    self.refresh(request)
  File "/Users/Gabriel/DataHub/rag_app_cofares/Web_Cofares/.venv/lib/python3.11/site-packages/google/oauth2/credentials.py", line 409, in refresh
    ) = reauth.refresh_grant(
        ^^^^^^^^^^^^^^^^^^^^^
  File "/Users/Gabriel/DataHub/rag_app_cofares/Web_Cofares/.venv/lib/python3.11/site-packages/google/oauth2/reauth.py", line 349, in refresh_grant
    raise exceptions.RefreshError(
google.auth.exceptions.RefreshError: Reauthentication is needed. Please run `gcloud auth application-default login` to reauthenticate.
2024-11-04 13:01:07,396 - ERROR - AuthMetadataPluginCallback "<google.auth.transport.grpc.AuthMetadataPlugin object at 0x11c4a19d0>" raised exception!
Traceback (most recent call last):
  File "/Users/Gabriel/DataHub/rag_app_cofares/Web_Cofares/.venv/lib/python3.11/site-packages/grpc/_plugin_wrapping.py", line 105, in __call__
    self._metadata_plugin(
  File "/Users/Gabriel/DataHub/rag_app_cofares/Web_Cofares/.venv/lib/python3.11/site-packages/google/auth/transport/grpc.py", line 95, in __call__
    callback(self._get_authorization_headers(context), None)
             ^^^^^^^^^^^^^^^^^^^^^^^^^^^^^^^^^^^^^^^^
  File "/Users/Gabriel/DataHub/rag_app_cofares/Web_Cofares/.venv/lib/python3.11/site-packages/google/auth/transport/grpc.py", line 81, in _get_authorization_headers
    self._credentials.before_request(
  File "/Users/Gabriel/DataHub/rag_app_cofares/Web_Cofares/.venv/lib/python3.11/site-packages/google/auth/credentials.py", line 239, in before_request
    self._blocking_refresh(request)
  File "/Users/Gabriel/DataHub/rag_app_cofares/Web_Cofares/.venv/lib/python3.11/site-packages/google/auth/credentials.py", line 202, in _blocking_refresh
    self.refresh(request)
  File "/Users/Gabriel/DataHub/rag_app_cofares/Web_Cofares/.venv/lib/python3.11/site-packages/google/oauth2/credentials.py", line 409, in refresh
    ) = reauth.refresh_grant(
        ^^^^^^^^^^^^^^^^^^^^^
  File "/Users/Gabriel/DataHub/rag_app_cofares/Web_Cofares/.venv/lib/python3.11/site-packages/google/oauth2/reauth.py", line 349, in refresh_grant
    raise exceptions.RefreshError(
google.auth.exceptions.RefreshError: Reauthentication is needed. Please run `gcloud auth application-default login` to reauthenticate.
2024-11-04 13:01:07,879 - ERROR - AuthMetadataPluginCallback "<google.auth.transport.grpc.AuthMetadataPlugin object at 0x11c4a19d0>" raised exception!
Traceback (most recent call last):
  File "/Users/Gabriel/DataHub/rag_app_cofares/Web_Cofares/.venv/lib/python3.11/site-packages/grpc/_plugin_wrapping.py", line 105, in __call__
    self._metadata_plugin(
  File "/Users/Gabriel/DataHub/rag_app_cofares/Web_Cofares/.venv/lib/python3.11/site-packages/google/auth/transport/grpc.py", line 95, in __call__
    callback(self._get_authorization_headers(context), None)
             ^^^^^^^^^^^^^^^^^^^^^^^^^^^^^^^^^^^^^^^^
  File "/Users/Gabriel/DataHub/rag_app_cofares/Web_Cofares/.venv/lib/python3.11/site-packages/google/auth/transport/grpc.py", line 81, in _get_authorization_headers
    self._credentials.before_request(
  File "/Users/Gabriel/DataHub/rag_app_cofares/Web_Cofares/.venv/lib/python3.11/site-packages/google/auth/credentials.py", line 239, in before_request
    self._blocking_refresh(request)
  File "/Users/Gabriel/DataHub/rag_app_cofares/Web_Cofares/.venv/lib/python3.11/site-packages/google/auth/credentials.py", line 202, in _blocking_refresh
    self.refresh(request)
  File "/Users/Gabriel/DataHub/rag_app_cofares/Web_Cofares/.venv/lib/python3.11/site-packages/google/oauth2/credentials.py", line 409, in refresh
    ) = reauth.refresh_grant(
        ^^^^^^^^^^^^^^^^^^^^^
  File "/Users/Gabriel/DataHub/rag_app_cofares/Web_Cofares/.venv/lib/python3.11/site-packages/google/oauth2/reauth.py", line 349, in refresh_grant
    raise exceptions.RefreshError(
google.auth.exceptions.RefreshError: Reauthentication is needed. Please run `gcloud auth application-default login` to reauthenticate.
2024-11-04 13:01:08,529 - ERROR - AuthMetadataPluginCallback "<google.auth.transport.grpc.AuthMetadataPlugin object at 0x11c4a19d0>" raised exception!
Traceback (most recent call last):
  File "/Users/Gabriel/DataHub/rag_app_cofares/Web_Cofares/.venv/lib/python3.11/site-packages/grpc/_plugin_wrapping.py", line 105, in __call__
    self._metadata_plugin(
  File "/Users/Gabriel/DataHub/rag_app_cofares/Web_Cofares/.venv/lib/python3.11/site-packages/google/auth/transport/grpc.py", line 95, in __call__
    callback(self._get_authorization_headers(context), None)
             ^^^^^^^^^^^^^^^^^^^^^^^^^^^^^^^^^^^^^^^^
  File "/Users/Gabriel/DataHub/rag_app_cofares/Web_Cofares/.venv/lib/python3.11/site-packages/google/auth/transport/grpc.py", line 81, in _get_authorization_headers
    self._credentials.before_request(
  File "/Users/Gabriel/DataHub/rag_app_cofares/Web_Cofares/.venv/lib/python3.11/site-packages/google/auth/credentials.py", line 239, in before_request
    self._blocking_refresh(request)
  File "/Users/Gabriel/DataHub/rag_app_cofares/Web_Cofares/.venv/lib/python3.11/site-packages/google/auth/credentials.py", line 202, in _blocking_refresh
    self.refresh(request)
  File "/Users/Gabriel/DataHub/rag_app_cofares/Web_Cofares/.venv/lib/python3.11/site-packages/google/oauth2/credentials.py", line 409, in refresh
    ) = reauth.refresh_grant(
        ^^^^^^^^^^^^^^^^^^^^^
  File "/Users/Gabriel/DataHub/rag_app_cofares/Web_Cofares/.venv/lib/python3.11/site-packages/google/oauth2/reauth.py", line 349, in refresh_grant
    raise exceptions.RefreshError(
google.auth.exceptions.RefreshError: Reauthentication is needed. Please run `gcloud auth application-default login` to reauthenticate.
2024-11-04 13:01:08,899 - ERROR - AuthMetadataPluginCallback "<google.auth.transport.grpc.AuthMetadataPlugin object at 0x11c4a19d0>" raised exception!
Traceback (most recent call last):
  File "/Users/Gabriel/DataHub/rag_app_cofares/Web_Cofares/.venv/lib/python3.11/site-packages/grpc/_plugin_wrapping.py", line 105, in __call__
    self._metadata_plugin(
  File "/Users/Gabriel/DataHub/rag_app_cofares/Web_Cofares/.venv/lib/python3.11/site-packages/google/auth/transport/grpc.py", line 95, in __call__
    callback(self._get_authorization_headers(context), None)
             ^^^^^^^^^^^^^^^^^^^^^^^^^^^^^^^^^^^^^^^^
  File "/Users/Gabriel/DataHub/rag_app_cofares/Web_Cofares/.venv/lib/python3.11/site-packages/google/auth/transport/grpc.py", line 81, in _get_authorization_headers
    self._credentials.before_request(
  File "/Users/Gabriel/DataHub/rag_app_cofares/Web_Cofares/.venv/lib/python3.11/site-packages/google/auth/credentials.py", line 239, in before_request
    self._blocking_refresh(request)
  File "/Users/Gabriel/DataHub/rag_app_cofares/Web_Cofares/.venv/lib/python3.11/site-packages/google/auth/credentials.py", line 202, in _blocking_refresh
    self.refresh(request)
  File "/Users/Gabriel/DataHub/rag_app_cofares/Web_Cofares/.venv/lib/python3.11/site-packages/google/oauth2/credentials.py", line 409, in refresh
    ) = reauth.refresh_grant(
        ^^^^^^^^^^^^^^^^^^^^^
  File "/Users/Gabriel/DataHub/rag_app_cofares/Web_Cofares/.venv/lib/python3.11/site-packages/google/oauth2/reauth.py", line 349, in refresh_grant
    raise exceptions.RefreshError(
google.auth.exceptions.RefreshError: Reauthentication is needed. Please run `gcloud auth application-default login` to reauthenticate.
2024-11-04 13:01:09,081 - ERROR - AuthMetadataPluginCallback "<google.auth.transport.grpc.AuthMetadataPlugin object at 0x11c4a19d0>" raised exception!
Traceback (most recent call last):
  File "/Users/Gabriel/DataHub/rag_app_cofares/Web_Cofares/.venv/lib/python3.11/site-packages/grpc/_plugin_wrapping.py", line 105, in __call__
    self._metadata_plugin(
  File "/Users/Gabriel/DataHub/rag_app_cofares/Web_Cofares/.venv/lib/python3.11/site-packages/google/auth/transport/grpc.py", line 95, in __call__
    callback(self._get_authorization_headers(context), None)
             ^^^^^^^^^^^^^^^^^^^^^^^^^^^^^^^^^^^^^^^^
  File "/Users/Gabriel/DataHub/rag_app_cofares/Web_Cofares/.venv/lib/python3.11/site-packages/google/auth/transport/grpc.py", line 81, in _get_authorization_headers
    self._credentials.before_request(
  File "/Users/Gabriel/DataHub/rag_app_cofares/Web_Cofares/.venv/lib/python3.11/site-packages/google/auth/credentials.py", line 239, in before_request
    self._blocking_refresh(request)
  File "/Users/Gabriel/DataHub/rag_app_cofares/Web_Cofares/.venv/lib/python3.11/site-packages/google/auth/credentials.py", line 202, in _blocking_refresh
    self.refresh(request)
  File "/Users/Gabriel/DataHub/rag_app_cofares/Web_Cofares/.venv/lib/python3.11/site-packages/google/oauth2/credentials.py", line 409, in refresh
    ) = reauth.refresh_grant(
        ^^^^^^^^^^^^^^^^^^^^^
  File "/Users/Gabriel/DataHub/rag_app_cofares/Web_Cofares/.venv/lib/python3.11/site-packages/google/oauth2/reauth.py", line 349, in refresh_grant
    raise exceptions.RefreshError(
google.auth.exceptions.RefreshError: Reauthentication is needed. Please run `gcloud auth application-default login` to reauthenticate.
2024-11-04 13:01:09,442 - ERROR - AuthMetadataPluginCallback "<google.auth.transport.grpc.AuthMetadataPlugin object at 0x11c4a19d0>" raised exception!
Traceback (most recent call last):
  File "/Users/Gabriel/DataHub/rag_app_cofares/Web_Cofares/.venv/lib/python3.11/site-packages/grpc/_plugin_wrapping.py", line 105, in __call__
    self._metadata_plugin(
  File "/Users/Gabriel/DataHub/rag_app_cofares/Web_Cofares/.venv/lib/python3.11/site-packages/google/auth/transport/grpc.py", line 95, in __call__
    callback(self._get_authorization_headers(context), None)
             ^^^^^^^^^^^^^^^^^^^^^^^^^^^^^^^^^^^^^^^^
  File "/Users/Gabriel/DataHub/rag_app_cofares/Web_Cofares/.venv/lib/python3.11/site-packages/google/auth/transport/grpc.py", line 81, in _get_authorization_headers
    self._credentials.before_request(
  File "/Users/Gabriel/DataHub/rag_app_cofares/Web_Cofares/.venv/lib/python3.11/site-packages/google/auth/credentials.py", line 239, in before_request
    self._blocking_refresh(request)
  File "/Users/Gabriel/DataHub/rag_app_cofares/Web_Cofares/.venv/lib/python3.11/site-packages/google/auth/credentials.py", line 202, in _blocking_refresh
    self.refresh(request)
  File "/Users/Gabriel/DataHub/rag_app_cofares/Web_Cofares/.venv/lib/python3.11/site-packages/google/oauth2/credentials.py", line 409, in refresh
    ) = reauth.refresh_grant(
        ^^^^^^^^^^^^^^^^^^^^^
  File "/Users/Gabriel/DataHub/rag_app_cofares/Web_Cofares/.venv/lib/python3.11/site-packages/google/oauth2/reauth.py", line 349, in refresh_grant
    raise exceptions.RefreshError(
google.auth.exceptions.RefreshError: Reauthentication is needed. Please run `gcloud auth application-default login` to reauthenticate.
2024-11-04 13:01:11,241 - ERROR - AuthMetadataPluginCallback "<google.auth.transport.grpc.AuthMetadataPlugin object at 0x11c4a19d0>" raised exception!
Traceback (most recent call last):
  File "/Users/Gabriel/DataHub/rag_app_cofares/Web_Cofares/.venv/lib/python3.11/site-packages/grpc/_plugin_wrapping.py", line 105, in __call__
    self._metadata_plugin(
  File "/Users/Gabriel/DataHub/rag_app_cofares/Web_Cofares/.venv/lib/python3.11/site-packages/google/auth/transport/grpc.py", line 95, in __call__
    callback(self._get_authorization_headers(context), None)
             ^^^^^^^^^^^^^^^^^^^^^^^^^^^^^^^^^^^^^^^^
  File "/Users/Gabriel/DataHub/rag_app_cofares/Web_Cofares/.venv/lib/python3.11/site-packages/google/auth/transport/grpc.py", line 81, in _get_authorization_headers
    self._credentials.before_request(
  File "/Users/Gabriel/DataHub/rag_app_cofares/Web_Cofares/.venv/lib/python3.11/site-packages/google/auth/credentials.py", line 239, in before_request
    self._blocking_refresh(request)
  File "/Users/Gabriel/DataHub/rag_app_cofares/Web_Cofares/.venv/lib/python3.11/site-packages/google/auth/credentials.py", line 202, in _blocking_refresh
    self.refresh(request)
  File "/Users/Gabriel/DataHub/rag_app_cofares/Web_Cofares/.venv/lib/python3.11/site-packages/google/oauth2/credentials.py", line 409, in refresh
    ) = reauth.refresh_grant(
        ^^^^^^^^^^^^^^^^^^^^^
  File "/Users/Gabriel/DataHub/rag_app_cofares/Web_Cofares/.venv/lib/python3.11/site-packages/google/oauth2/reauth.py", line 349, in refresh_grant
    raise exceptions.RefreshError(
google.auth.exceptions.RefreshError: Reauthentication is needed. Please run `gcloud auth application-default login` to reauthenticate.
2024-11-04 13:01:12,927 - ERROR - AuthMetadataPluginCallback "<google.auth.transport.grpc.AuthMetadataPlugin object at 0x11c4a19d0>" raised exception!
Traceback (most recent call last):
  File "/Users/Gabriel/DataHub/rag_app_cofares/Web_Cofares/.venv/lib/python3.11/site-packages/grpc/_plugin_wrapping.py", line 105, in __call__
    self._metadata_plugin(
  File "/Users/Gabriel/DataHub/rag_app_cofares/Web_Cofares/.venv/lib/python3.11/site-packages/google/auth/transport/grpc.py", line 95, in __call__
    callback(self._get_authorization_headers(context), None)
             ^^^^^^^^^^^^^^^^^^^^^^^^^^^^^^^^^^^^^^^^
  File "/Users/Gabriel/DataHub/rag_app_cofares/Web_Cofares/.venv/lib/python3.11/site-packages/google/auth/transport/grpc.py", line 81, in _get_authorization_headers
    self._credentials.before_request(
  File "/Users/Gabriel/DataHub/rag_app_cofares/Web_Cofares/.venv/lib/python3.11/site-packages/google/auth/credentials.py", line 239, in before_request
    self._blocking_refresh(request)
  File "/Users/Gabriel/DataHub/rag_app_cofares/Web_Cofares/.venv/lib/python3.11/site-packages/google/auth/credentials.py", line 202, in _blocking_refresh
    self.refresh(request)
  File "/Users/Gabriel/DataHub/rag_app_cofares/Web_Cofares/.venv/lib/python3.11/site-packages/google/oauth2/credentials.py", line 409, in refresh
    ) = reauth.refresh_grant(
        ^^^^^^^^^^^^^^^^^^^^^
  File "/Users/Gabriel/DataHub/rag_app_cofares/Web_Cofares/.venv/lib/python3.11/site-packages/google/oauth2/reauth.py", line 349, in refresh_grant
    raise exceptions.RefreshError(
google.auth.exceptions.RefreshError: Reauthentication is needed. Please run `gcloud auth application-default login` to reauthenticate.
2024-11-04 13:01:14,282 - ERROR - AuthMetadataPluginCallback "<google.auth.transport.grpc.AuthMetadataPlugin object at 0x11c4a19d0>" raised exception!
Traceback (most recent call last):
  File "/Users/Gabriel/DataHub/rag_app_cofares/Web_Cofares/.venv/lib/python3.11/site-packages/grpc/_plugin_wrapping.py", line 105, in __call__
    self._metadata_plugin(
  File "/Users/Gabriel/DataHub/rag_app_cofares/Web_Cofares/.venv/lib/python3.11/site-packages/google/auth/transport/grpc.py", line 95, in __call__
    callback(self._get_authorization_headers(context), None)
             ^^^^^^^^^^^^^^^^^^^^^^^^^^^^^^^^^^^^^^^^
  File "/Users/Gabriel/DataHub/rag_app_cofares/Web_Cofares/.venv/lib/python3.11/site-packages/google/auth/transport/grpc.py", line 81, in _get_authorization_headers
    self._credentials.before_request(
  File "/Users/Gabriel/DataHub/rag_app_cofares/Web_Cofares/.venv/lib/python3.11/site-packages/google/auth/credentials.py", line 239, in before_request
    self._blocking_refresh(request)
  File "/Users/Gabriel/DataHub/rag_app_cofares/Web_Cofares/.venv/lib/python3.11/site-packages/google/auth/credentials.py", line 202, in _blocking_refresh
    self.refresh(request)
  File "/Users/Gabriel/DataHub/rag_app_cofares/Web_Cofares/.venv/lib/python3.11/site-packages/google/oauth2/credentials.py", line 409, in refresh
    ) = reauth.refresh_grant(
        ^^^^^^^^^^^^^^^^^^^^^
  File "/Users/Gabriel/DataHub/rag_app_cofares/Web_Cofares/.venv/lib/python3.11/site-packages/google/oauth2/reauth.py", line 349, in refresh_grant
    raise exceptions.RefreshError(
google.auth.exceptions.RefreshError: Reauthentication is needed. Please run `gcloud auth application-default login` to reauthenticate.
2024-11-04 13:01:16,398 - ERROR - AuthMetadataPluginCallback "<google.auth.transport.grpc.AuthMetadataPlugin object at 0x11c4a19d0>" raised exception!
Traceback (most recent call last):
  File "/Users/Gabriel/DataHub/rag_app_cofares/Web_Cofares/.venv/lib/python3.11/site-packages/grpc/_plugin_wrapping.py", line 105, in __call__
    self._metadata_plugin(
  File "/Users/Gabriel/DataHub/rag_app_cofares/Web_Cofares/.venv/lib/python3.11/site-packages/google/auth/transport/grpc.py", line 95, in __call__
    callback(self._get_authorization_headers(context), None)
             ^^^^^^^^^^^^^^^^^^^^^^^^^^^^^^^^^^^^^^^^
  File "/Users/Gabriel/DataHub/rag_app_cofares/Web_Cofares/.venv/lib/python3.11/site-packages/google/auth/transport/grpc.py", line 81, in _get_authorization_headers
    self._credentials.before_request(
  File "/Users/Gabriel/DataHub/rag_app_cofares/Web_Cofares/.venv/lib/python3.11/site-packages/google/auth/credentials.py", line 239, in before_request
    self._blocking_refresh(request)
  File "/Users/Gabriel/DataHub/rag_app_cofares/Web_Cofares/.venv/lib/python3.11/site-packages/google/auth/credentials.py", line 202, in _blocking_refresh
    self.refresh(request)
  File "/Users/Gabriel/DataHub/rag_app_cofares/Web_Cofares/.venv/lib/python3.11/site-packages/google/oauth2/credentials.py", line 409, in refresh
    ) = reauth.refresh_grant(
        ^^^^^^^^^^^^^^^^^^^^^
  File "/Users/Gabriel/DataHub/rag_app_cofares/Web_Cofares/.venv/lib/python3.11/site-packages/google/oauth2/reauth.py", line 349, in refresh_grant
    raise exceptions.RefreshError(
google.auth.exceptions.RefreshError: Reauthentication is needed. Please run `gcloud auth application-default login` to reauthenticate.
2024-11-04 13:01:19,179 - ERROR - AuthMetadataPluginCallback "<google.auth.transport.grpc.AuthMetadataPlugin object at 0x11c4a19d0>" raised exception!
Traceback (most recent call last):
  File "/Users/Gabriel/DataHub/rag_app_cofares/Web_Cofares/.venv/lib/python3.11/site-packages/grpc/_plugin_wrapping.py", line 105, in __call__
    self._metadata_plugin(
  File "/Users/Gabriel/DataHub/rag_app_cofares/Web_Cofares/.venv/lib/python3.11/site-packages/google/auth/transport/grpc.py", line 95, in __call__
    callback(self._get_authorization_headers(context), None)
             ^^^^^^^^^^^^^^^^^^^^^^^^^^^^^^^^^^^^^^^^
  File "/Users/Gabriel/DataHub/rag_app_cofares/Web_Cofares/.venv/lib/python3.11/site-packages/google/auth/transport/grpc.py", line 81, in _get_authorization_headers
    self._credentials.before_request(
  File "/Users/Gabriel/DataHub/rag_app_cofares/Web_Cofares/.venv/lib/python3.11/site-packages/google/auth/credentials.py", line 239, in before_request
    self._blocking_refresh(request)
  File "/Users/Gabriel/DataHub/rag_app_cofares/Web_Cofares/.venv/lib/python3.11/site-packages/google/auth/credentials.py", line 202, in _blocking_refresh
    self.refresh(request)
  File "/Users/Gabriel/DataHub/rag_app_cofares/Web_Cofares/.venv/lib/python3.11/site-packages/google/oauth2/credentials.py", line 409, in refresh
    ) = reauth.refresh_grant(
        ^^^^^^^^^^^^^^^^^^^^^
  File "/Users/Gabriel/DataHub/rag_app_cofares/Web_Cofares/.venv/lib/python3.11/site-packages/google/oauth2/reauth.py", line 349, in refresh_grant
    raise exceptions.RefreshError(
google.auth.exceptions.RefreshError: Reauthentication is needed. Please run `gcloud auth application-default login` to reauthenticate.
2024-11-04 13:01:21,053 - ERROR - AuthMetadataPluginCallback "<google.auth.transport.grpc.AuthMetadataPlugin object at 0x11c4a19d0>" raised exception!
Traceback (most recent call last):
  File "/Users/Gabriel/DataHub/rag_app_cofares/Web_Cofares/.venv/lib/python3.11/site-packages/grpc/_plugin_wrapping.py", line 105, in __call__
    self._metadata_plugin(
  File "/Users/Gabriel/DataHub/rag_app_cofares/Web_Cofares/.venv/lib/python3.11/site-packages/google/auth/transport/grpc.py", line 95, in __call__
    callback(self._get_authorization_headers(context), None)
             ^^^^^^^^^^^^^^^^^^^^^^^^^^^^^^^^^^^^^^^^
  File "/Users/Gabriel/DataHub/rag_app_cofares/Web_Cofares/.venv/lib/python3.11/site-packages/google/auth/transport/grpc.py", line 81, in _get_authorization_headers
    self._credentials.before_request(
  File "/Users/Gabriel/DataHub/rag_app_cofares/Web_Cofares/.venv/lib/python3.11/site-packages/google/auth/credentials.py", line 239, in before_request
    self._blocking_refresh(request)
  File "/Users/Gabriel/DataHub/rag_app_cofares/Web_Cofares/.venv/lib/python3.11/site-packages/google/auth/credentials.py", line 202, in _blocking_refresh
    self.refresh(request)
  File "/Users/Gabriel/DataHub/rag_app_cofares/Web_Cofares/.venv/lib/python3.11/site-packages/google/oauth2/credentials.py", line 409, in refresh
    ) = reauth.refresh_grant(
        ^^^^^^^^^^^^^^^^^^^^^
  File "/Users/Gabriel/DataHub/rag_app_cofares/Web_Cofares/.venv/lib/python3.11/site-packages/google/oauth2/reauth.py", line 349, in refresh_grant
    raise exceptions.RefreshError(
google.auth.exceptions.RefreshError: Reauthentication is needed. Please run `gcloud auth application-default login` to reauthenticate.
2024-11-04 13:01:32,043 - ERROR - AuthMetadataPluginCallback "<google.auth.transport.grpc.AuthMetadataPlugin object at 0x11c4a19d0>" raised exception!
Traceback (most recent call last):
  File "/Users/Gabriel/DataHub/rag_app_cofares/Web_Cofares/.venv/lib/python3.11/site-packages/grpc/_plugin_wrapping.py", line 105, in __call__
    self._metadata_plugin(
  File "/Users/Gabriel/DataHub/rag_app_cofares/Web_Cofares/.venv/lib/python3.11/site-packages/google/auth/transport/grpc.py", line 95, in __call__
    callback(self._get_authorization_headers(context), None)
             ^^^^^^^^^^^^^^^^^^^^^^^^^^^^^^^^^^^^^^^^
  File "/Users/Gabriel/DataHub/rag_app_cofares/Web_Cofares/.venv/lib/python3.11/site-packages/google/auth/transport/grpc.py", line 81, in _get_authorization_headers
    self._credentials.before_request(
  File "/Users/Gabriel/DataHub/rag_app_cofares/Web_Cofares/.venv/lib/python3.11/site-packages/google/auth/credentials.py", line 239, in before_request
    self._blocking_refresh(request)
  File "/Users/Gabriel/DataHub/rag_app_cofares/Web_Cofares/.venv/lib/python3.11/site-packages/google/auth/credentials.py", line 202, in _blocking_refresh
    self.refresh(request)
  File "/Users/Gabriel/DataHub/rag_app_cofares/Web_Cofares/.venv/lib/python3.11/site-packages/google/oauth2/credentials.py", line 409, in refresh
    ) = reauth.refresh_grant(
        ^^^^^^^^^^^^^^^^^^^^^
  File "/Users/Gabriel/DataHub/rag_app_cofares/Web_Cofares/.venv/lib/python3.11/site-packages/google/oauth2/reauth.py", line 349, in refresh_grant
    raise exceptions.RefreshError(
google.auth.exceptions.RefreshError: Reauthentication is needed. Please run `gcloud auth application-default login` to reauthenticate.
2024-11-04 13:01:46,377 - ERROR - AuthMetadataPluginCallback "<google.auth.transport.grpc.AuthMetadataPlugin object at 0x11c4a19d0>" raised exception!
Traceback (most recent call last):
  File "/Users/Gabriel/DataHub/rag_app_cofares/Web_Cofares/.venv/lib/python3.11/site-packages/grpc/_plugin_wrapping.py", line 105, in __call__
    self._metadata_plugin(
  File "/Users/Gabriel/DataHub/rag_app_cofares/Web_Cofares/.venv/lib/python3.11/site-packages/google/auth/transport/grpc.py", line 95, in __call__
    callback(self._get_authorization_headers(context), None)
             ^^^^^^^^^^^^^^^^^^^^^^^^^^^^^^^^^^^^^^^^
  File "/Users/Gabriel/DataHub/rag_app_cofares/Web_Cofares/.venv/lib/python3.11/site-packages/google/auth/transport/grpc.py", line 81, in _get_authorization_headers
    self._credentials.before_request(
  File "/Users/Gabriel/DataHub/rag_app_cofares/Web_Cofares/.venv/lib/python3.11/site-packages/google/auth/credentials.py", line 239, in before_request
    self._blocking_refresh(request)
  File "/Users/Gabriel/DataHub/rag_app_cofares/Web_Cofares/.venv/lib/python3.11/site-packages/google/auth/credentials.py", line 202, in _blocking_refresh
    self.refresh(request)
  File "/Users/Gabriel/DataHub/rag_app_cofares/Web_Cofares/.venv/lib/python3.11/site-packages/google/oauth2/credentials.py", line 409, in refresh
    ) = reauth.refresh_grant(
        ^^^^^^^^^^^^^^^^^^^^^
  File "/Users/Gabriel/DataHub/rag_app_cofares/Web_Cofares/.venv/lib/python3.11/site-packages/google/oauth2/reauth.py", line 349, in refresh_grant
    raise exceptions.RefreshError(
google.auth.exceptions.RefreshError: Reauthentication is needed. Please run `gcloud auth application-default login` to reauthenticate.
2024-11-04 13:03:20,064 - ERROR - AuthMetadataPluginCallback "<google.auth.transport.grpc.AuthMetadataPlugin object at 0x11abca550>" raised exception!
Traceback (most recent call last):
  File "/Users/Gabriel/DataHub/rag_app_cofares/Web_Cofares/.venv/lib/python3.11/site-packages/grpc/_plugin_wrapping.py", line 105, in __call__
    self._metadata_plugin(
  File "/Users/Gabriel/DataHub/rag_app_cofares/Web_Cofares/.venv/lib/python3.11/site-packages/google/auth/transport/grpc.py", line 95, in __call__
    callback(self._get_authorization_headers(context), None)
             ^^^^^^^^^^^^^^^^^^^^^^^^^^^^^^^^^^^^^^^^
  File "/Users/Gabriel/DataHub/rag_app_cofares/Web_Cofares/.venv/lib/python3.11/site-packages/google/auth/transport/grpc.py", line 81, in _get_authorization_headers
    self._credentials.before_request(
  File "/Users/Gabriel/DataHub/rag_app_cofares/Web_Cofares/.venv/lib/python3.11/site-packages/google/auth/credentials.py", line 239, in before_request
    self._blocking_refresh(request)
  File "/Users/Gabriel/DataHub/rag_app_cofares/Web_Cofares/.venv/lib/python3.11/site-packages/google/auth/credentials.py", line 202, in _blocking_refresh
    self.refresh(request)
  File "/Users/Gabriel/DataHub/rag_app_cofares/Web_Cofares/.venv/lib/python3.11/site-packages/google/oauth2/credentials.py", line 409, in refresh
    ) = reauth.refresh_grant(
        ^^^^^^^^^^^^^^^^^^^^^
  File "/Users/Gabriel/DataHub/rag_app_cofares/Web_Cofares/.venv/lib/python3.11/site-packages/google/oauth2/reauth.py", line 349, in refresh_grant
    raise exceptions.RefreshError(
google.auth.exceptions.RefreshError: Reauthentication is needed. Please run `gcloud auth application-default login` to reauthenticate.
2024-11-04 13:03:20,258 - ERROR - AuthMetadataPluginCallback "<google.auth.transport.grpc.AuthMetadataPlugin object at 0x11abca550>" raised exception!
Traceback (most recent call last):
  File "/Users/Gabriel/DataHub/rag_app_cofares/Web_Cofares/.venv/lib/python3.11/site-packages/grpc/_plugin_wrapping.py", line 105, in __call__
    self._metadata_plugin(
  File "/Users/Gabriel/DataHub/rag_app_cofares/Web_Cofares/.venv/lib/python3.11/site-packages/google/auth/transport/grpc.py", line 95, in __call__
    callback(self._get_authorization_headers(context), None)
             ^^^^^^^^^^^^^^^^^^^^^^^^^^^^^^^^^^^^^^^^
  File "/Users/Gabriel/DataHub/rag_app_cofares/Web_Cofares/.venv/lib/python3.11/site-packages/google/auth/transport/grpc.py", line 81, in _get_authorization_headers
    self._credentials.before_request(
  File "/Users/Gabriel/DataHub/rag_app_cofares/Web_Cofares/.venv/lib/python3.11/site-packages/google/auth/credentials.py", line 239, in before_request
    self._blocking_refresh(request)
  File "/Users/Gabriel/DataHub/rag_app_cofares/Web_Cofares/.venv/lib/python3.11/site-packages/google/auth/credentials.py", line 202, in _blocking_refresh
    self.refresh(request)
  File "/Users/Gabriel/DataHub/rag_app_cofares/Web_Cofares/.venv/lib/python3.11/site-packages/google/oauth2/credentials.py", line 409, in refresh
    ) = reauth.refresh_grant(
        ^^^^^^^^^^^^^^^^^^^^^
  File "/Users/Gabriel/DataHub/rag_app_cofares/Web_Cofares/.venv/lib/python3.11/site-packages/google/oauth2/reauth.py", line 349, in refresh_grant
    raise exceptions.RefreshError(
google.auth.exceptions.RefreshError: Reauthentication is needed. Please run `gcloud auth application-default login` to reauthenticate.
2024-11-04 13:03:20,605 - ERROR - AuthMetadataPluginCallback "<google.auth.transport.grpc.AuthMetadataPlugin object at 0x11abca550>" raised exception!
Traceback (most recent call last):
  File "/Users/Gabriel/DataHub/rag_app_cofares/Web_Cofares/.venv/lib/python3.11/site-packages/grpc/_plugin_wrapping.py", line 105, in __call__
    self._metadata_plugin(
  File "/Users/Gabriel/DataHub/rag_app_cofares/Web_Cofares/.venv/lib/python3.11/site-packages/google/auth/transport/grpc.py", line 95, in __call__
    callback(self._get_authorization_headers(context), None)
             ^^^^^^^^^^^^^^^^^^^^^^^^^^^^^^^^^^^^^^^^
  File "/Users/Gabriel/DataHub/rag_app_cofares/Web_Cofares/.venv/lib/python3.11/site-packages/google/auth/transport/grpc.py", line 81, in _get_authorization_headers
    self._credentials.before_request(
  File "/Users/Gabriel/DataHub/rag_app_cofares/Web_Cofares/.venv/lib/python3.11/site-packages/google/auth/credentials.py", line 239, in before_request
    self._blocking_refresh(request)
  File "/Users/Gabriel/DataHub/rag_app_cofares/Web_Cofares/.venv/lib/python3.11/site-packages/google/auth/credentials.py", line 202, in _blocking_refresh
    self.refresh(request)
  File "/Users/Gabriel/DataHub/rag_app_cofares/Web_Cofares/.venv/lib/python3.11/site-packages/google/oauth2/credentials.py", line 409, in refresh
    ) = reauth.refresh_grant(
        ^^^^^^^^^^^^^^^^^^^^^
  File "/Users/Gabriel/DataHub/rag_app_cofares/Web_Cofares/.venv/lib/python3.11/site-packages/google/oauth2/reauth.py", line 349, in refresh_grant
    raise exceptions.RefreshError(
google.auth.exceptions.RefreshError: Reauthentication is needed. Please run `gcloud auth application-default login` to reauthenticate.
2024-11-04 13:03:20,807 - ERROR - AuthMetadataPluginCallback "<google.auth.transport.grpc.AuthMetadataPlugin object at 0x11abca550>" raised exception!
Traceback (most recent call last):
  File "/Users/Gabriel/DataHub/rag_app_cofares/Web_Cofares/.venv/lib/python3.11/site-packages/grpc/_plugin_wrapping.py", line 105, in __call__
    self._metadata_plugin(
  File "/Users/Gabriel/DataHub/rag_app_cofares/Web_Cofares/.venv/lib/python3.11/site-packages/google/auth/transport/grpc.py", line 95, in __call__
    callback(self._get_authorization_headers(context), None)
             ^^^^^^^^^^^^^^^^^^^^^^^^^^^^^^^^^^^^^^^^
  File "/Users/Gabriel/DataHub/rag_app_cofares/Web_Cofares/.venv/lib/python3.11/site-packages/google/auth/transport/grpc.py", line 81, in _get_authorization_headers
    self._credentials.before_request(
  File "/Users/Gabriel/DataHub/rag_app_cofares/Web_Cofares/.venv/lib/python3.11/site-packages/google/auth/credentials.py", line 239, in before_request
    self._blocking_refresh(request)
  File "/Users/Gabriel/DataHub/rag_app_cofares/Web_Cofares/.venv/lib/python3.11/site-packages/google/auth/credentials.py", line 202, in _blocking_refresh
    self.refresh(request)
  File "/Users/Gabriel/DataHub/rag_app_cofares/Web_Cofares/.venv/lib/python3.11/site-packages/google/oauth2/credentials.py", line 409, in refresh
    ) = reauth.refresh_grant(
        ^^^^^^^^^^^^^^^^^^^^^
  File "/Users/Gabriel/DataHub/rag_app_cofares/Web_Cofares/.venv/lib/python3.11/site-packages/google/oauth2/reauth.py", line 349, in refresh_grant
    raise exceptions.RefreshError(
google.auth.exceptions.RefreshError: Reauthentication is needed. Please run `gcloud auth application-default login` to reauthenticate.
2024-11-04 13:03:20,994 - ERROR - AuthMetadataPluginCallback "<google.auth.transport.grpc.AuthMetadataPlugin object at 0x11abca550>" raised exception!
Traceback (most recent call last):
  File "/Users/Gabriel/DataHub/rag_app_cofares/Web_Cofares/.venv/lib/python3.11/site-packages/grpc/_plugin_wrapping.py", line 105, in __call__
    self._metadata_plugin(
  File "/Users/Gabriel/DataHub/rag_app_cofares/Web_Cofares/.venv/lib/python3.11/site-packages/google/auth/transport/grpc.py", line 95, in __call__
    callback(self._get_authorization_headers(context), None)
             ^^^^^^^^^^^^^^^^^^^^^^^^^^^^^^^^^^^^^^^^
  File "/Users/Gabriel/DataHub/rag_app_cofares/Web_Cofares/.venv/lib/python3.11/site-packages/google/auth/transport/grpc.py", line 81, in _get_authorization_headers
    self._credentials.before_request(
  File "/Users/Gabriel/DataHub/rag_app_cofares/Web_Cofares/.venv/lib/python3.11/site-packages/google/auth/credentials.py", line 239, in before_request
    self._blocking_refresh(request)
  File "/Users/Gabriel/DataHub/rag_app_cofares/Web_Cofares/.venv/lib/python3.11/site-packages/google/auth/credentials.py", line 202, in _blocking_refresh
    self.refresh(request)
  File "/Users/Gabriel/DataHub/rag_app_cofares/Web_Cofares/.venv/lib/python3.11/site-packages/google/oauth2/credentials.py", line 409, in refresh
    ) = reauth.refresh_grant(
        ^^^^^^^^^^^^^^^^^^^^^
  File "/Users/Gabriel/DataHub/rag_app_cofares/Web_Cofares/.venv/lib/python3.11/site-packages/google/oauth2/reauth.py", line 349, in refresh_grant
    raise exceptions.RefreshError(
google.auth.exceptions.RefreshError: Reauthentication is needed. Please run `gcloud auth application-default login` to reauthenticate.
2024-11-04 13:03:21,432 - ERROR - AuthMetadataPluginCallback "<google.auth.transport.grpc.AuthMetadataPlugin object at 0x11abca550>" raised exception!
Traceback (most recent call last):
  File "/Users/Gabriel/DataHub/rag_app_cofares/Web_Cofares/.venv/lib/python3.11/site-packages/grpc/_plugin_wrapping.py", line 105, in __call__
    self._metadata_plugin(
  File "/Users/Gabriel/DataHub/rag_app_cofares/Web_Cofares/.venv/lib/python3.11/site-packages/google/auth/transport/grpc.py", line 95, in __call__
    callback(self._get_authorization_headers(context), None)
             ^^^^^^^^^^^^^^^^^^^^^^^^^^^^^^^^^^^^^^^^
  File "/Users/Gabriel/DataHub/rag_app_cofares/Web_Cofares/.venv/lib/python3.11/site-packages/google/auth/transport/grpc.py", line 81, in _get_authorization_headers
    self._credentials.before_request(
  File "/Users/Gabriel/DataHub/rag_app_cofares/Web_Cofares/.venv/lib/python3.11/site-packages/google/auth/credentials.py", line 239, in before_request
    self._blocking_refresh(request)
  File "/Users/Gabriel/DataHub/rag_app_cofares/Web_Cofares/.venv/lib/python3.11/site-packages/google/auth/credentials.py", line 202, in _blocking_refresh
    self.refresh(request)
  File "/Users/Gabriel/DataHub/rag_app_cofares/Web_Cofares/.venv/lib/python3.11/site-packages/google/oauth2/credentials.py", line 409, in refresh
    ) = reauth.refresh_grant(
        ^^^^^^^^^^^^^^^^^^^^^
  File "/Users/Gabriel/DataHub/rag_app_cofares/Web_Cofares/.venv/lib/python3.11/site-packages/google/oauth2/reauth.py", line 349, in refresh_grant
    raise exceptions.RefreshError(
google.auth.exceptions.RefreshError: Reauthentication is needed. Please run `gcloud auth application-default login` to reauthenticate.
2024-11-04 13:03:21,772 - ERROR - AuthMetadataPluginCallback "<google.auth.transport.grpc.AuthMetadataPlugin object at 0x11abca550>" raised exception!
Traceback (most recent call last):
  File "/Users/Gabriel/DataHub/rag_app_cofares/Web_Cofares/.venv/lib/python3.11/site-packages/grpc/_plugin_wrapping.py", line 105, in __call__
    self._metadata_plugin(
  File "/Users/Gabriel/DataHub/rag_app_cofares/Web_Cofares/.venv/lib/python3.11/site-packages/google/auth/transport/grpc.py", line 95, in __call__
    callback(self._get_authorization_headers(context), None)
             ^^^^^^^^^^^^^^^^^^^^^^^^^^^^^^^^^^^^^^^^
  File "/Users/Gabriel/DataHub/rag_app_cofares/Web_Cofares/.venv/lib/python3.11/site-packages/google/auth/transport/grpc.py", line 81, in _get_authorization_headers
    self._credentials.before_request(
  File "/Users/Gabriel/DataHub/rag_app_cofares/Web_Cofares/.venv/lib/python3.11/site-packages/google/auth/credentials.py", line 239, in before_request
    self._blocking_refresh(request)
  File "/Users/Gabriel/DataHub/rag_app_cofares/Web_Cofares/.venv/lib/python3.11/site-packages/google/auth/credentials.py", line 202, in _blocking_refresh
    self.refresh(request)
  File "/Users/Gabriel/DataHub/rag_app_cofares/Web_Cofares/.venv/lib/python3.11/site-packages/google/oauth2/credentials.py", line 409, in refresh
    ) = reauth.refresh_grant(
        ^^^^^^^^^^^^^^^^^^^^^
  File "/Users/Gabriel/DataHub/rag_app_cofares/Web_Cofares/.venv/lib/python3.11/site-packages/google/oauth2/reauth.py", line 349, in refresh_grant
    raise exceptions.RefreshError(
google.auth.exceptions.RefreshError: Reauthentication is needed. Please run `gcloud auth application-default login` to reauthenticate.
2024-11-04 13:03:22,258 - ERROR - AuthMetadataPluginCallback "<google.auth.transport.grpc.AuthMetadataPlugin object at 0x11abca550>" raised exception!
Traceback (most recent call last):
  File "/Users/Gabriel/DataHub/rag_app_cofares/Web_Cofares/.venv/lib/python3.11/site-packages/grpc/_plugin_wrapping.py", line 105, in __call__
    self._metadata_plugin(
  File "/Users/Gabriel/DataHub/rag_app_cofares/Web_Cofares/.venv/lib/python3.11/site-packages/google/auth/transport/grpc.py", line 95, in __call__
    callback(self._get_authorization_headers(context), None)
             ^^^^^^^^^^^^^^^^^^^^^^^^^^^^^^^^^^^^^^^^
  File "/Users/Gabriel/DataHub/rag_app_cofares/Web_Cofares/.venv/lib/python3.11/site-packages/google/auth/transport/grpc.py", line 81, in _get_authorization_headers
    self._credentials.before_request(
  File "/Users/Gabriel/DataHub/rag_app_cofares/Web_Cofares/.venv/lib/python3.11/site-packages/google/auth/credentials.py", line 239, in before_request
    self._blocking_refresh(request)
  File "/Users/Gabriel/DataHub/rag_app_cofares/Web_Cofares/.venv/lib/python3.11/site-packages/google/auth/credentials.py", line 202, in _blocking_refresh
    self.refresh(request)
  File "/Users/Gabriel/DataHub/rag_app_cofares/Web_Cofares/.venv/lib/python3.11/site-packages/google/oauth2/credentials.py", line 409, in refresh
    ) = reauth.refresh_grant(
        ^^^^^^^^^^^^^^^^^^^^^
  File "/Users/Gabriel/DataHub/rag_app_cofares/Web_Cofares/.venv/lib/python3.11/site-packages/google/oauth2/reauth.py", line 349, in refresh_grant
    raise exceptions.RefreshError(
google.auth.exceptions.RefreshError: Reauthentication is needed. Please run `gcloud auth application-default login` to reauthenticate.
2024-11-04 13:03:22,599 - ERROR - AuthMetadataPluginCallback "<google.auth.transport.grpc.AuthMetadataPlugin object at 0x11abca550>" raised exception!
Traceback (most recent call last):
  File "/Users/Gabriel/DataHub/rag_app_cofares/Web_Cofares/.venv/lib/python3.11/site-packages/grpc/_plugin_wrapping.py", line 105, in __call__
    self._metadata_plugin(
  File "/Users/Gabriel/DataHub/rag_app_cofares/Web_Cofares/.venv/lib/python3.11/site-packages/google/auth/transport/grpc.py", line 95, in __call__
    callback(self._get_authorization_headers(context), None)
             ^^^^^^^^^^^^^^^^^^^^^^^^^^^^^^^^^^^^^^^^
  File "/Users/Gabriel/DataHub/rag_app_cofares/Web_Cofares/.venv/lib/python3.11/site-packages/google/auth/transport/grpc.py", line 81, in _get_authorization_headers
    self._credentials.before_request(
  File "/Users/Gabriel/DataHub/rag_app_cofares/Web_Cofares/.venv/lib/python3.11/site-packages/google/auth/credentials.py", line 239, in before_request
    self._blocking_refresh(request)
  File "/Users/Gabriel/DataHub/rag_app_cofares/Web_Cofares/.venv/lib/python3.11/site-packages/google/auth/credentials.py", line 202, in _blocking_refresh
    self.refresh(request)
  File "/Users/Gabriel/DataHub/rag_app_cofares/Web_Cofares/.venv/lib/python3.11/site-packages/google/oauth2/credentials.py", line 409, in refresh
    ) = reauth.refresh_grant(
        ^^^^^^^^^^^^^^^^^^^^^
  File "/Users/Gabriel/DataHub/rag_app_cofares/Web_Cofares/.venv/lib/python3.11/site-packages/google/oauth2/reauth.py", line 349, in refresh_grant
    raise exceptions.RefreshError(
google.auth.exceptions.RefreshError: Reauthentication is needed. Please run `gcloud auth application-default login` to reauthenticate.
2024-11-04 13:03:23,001 - ERROR - AuthMetadataPluginCallback "<google.auth.transport.grpc.AuthMetadataPlugin object at 0x11abca550>" raised exception!
Traceback (most recent call last):
  File "/Users/Gabriel/DataHub/rag_app_cofares/Web_Cofares/.venv/lib/python3.11/site-packages/grpc/_plugin_wrapping.py", line 105, in __call__
    self._metadata_plugin(
  File "/Users/Gabriel/DataHub/rag_app_cofares/Web_Cofares/.venv/lib/python3.11/site-packages/google/auth/transport/grpc.py", line 95, in __call__
    callback(self._get_authorization_headers(context), None)
             ^^^^^^^^^^^^^^^^^^^^^^^^^^^^^^^^^^^^^^^^
  File "/Users/Gabriel/DataHub/rag_app_cofares/Web_Cofares/.venv/lib/python3.11/site-packages/google/auth/transport/grpc.py", line 81, in _get_authorization_headers
    self._credentials.before_request(
  File "/Users/Gabriel/DataHub/rag_app_cofares/Web_Cofares/.venv/lib/python3.11/site-packages/google/auth/credentials.py", line 239, in before_request
    self._blocking_refresh(request)
  File "/Users/Gabriel/DataHub/rag_app_cofares/Web_Cofares/.venv/lib/python3.11/site-packages/google/auth/credentials.py", line 202, in _blocking_refresh
    self.refresh(request)
  File "/Users/Gabriel/DataHub/rag_app_cofares/Web_Cofares/.venv/lib/python3.11/site-packages/google/oauth2/credentials.py", line 409, in refresh
    ) = reauth.refresh_grant(
        ^^^^^^^^^^^^^^^^^^^^^
  File "/Users/Gabriel/DataHub/rag_app_cofares/Web_Cofares/.venv/lib/python3.11/site-packages/google/oauth2/reauth.py", line 349, in refresh_grant
    raise exceptions.RefreshError(
google.auth.exceptions.RefreshError: Reauthentication is needed. Please run `gcloud auth application-default login` to reauthenticate.
2024-11-04 13:03:23,238 - ERROR - AuthMetadataPluginCallback "<google.auth.transport.grpc.AuthMetadataPlugin object at 0x11abca550>" raised exception!
Traceback (most recent call last):
  File "/Users/Gabriel/DataHub/rag_app_cofares/Web_Cofares/.venv/lib/python3.11/site-packages/grpc/_plugin_wrapping.py", line 105, in __call__
    self._metadata_plugin(
  File "/Users/Gabriel/DataHub/rag_app_cofares/Web_Cofares/.venv/lib/python3.11/site-packages/google/auth/transport/grpc.py", line 95, in __call__
    callback(self._get_authorization_headers(context), None)
             ^^^^^^^^^^^^^^^^^^^^^^^^^^^^^^^^^^^^^^^^
  File "/Users/Gabriel/DataHub/rag_app_cofares/Web_Cofares/.venv/lib/python3.11/site-packages/google/auth/transport/grpc.py", line 81, in _get_authorization_headers
    self._credentials.before_request(
  File "/Users/Gabriel/DataHub/rag_app_cofares/Web_Cofares/.venv/lib/python3.11/site-packages/google/auth/credentials.py", line 239, in before_request
    self._blocking_refresh(request)
  File "/Users/Gabriel/DataHub/rag_app_cofares/Web_Cofares/.venv/lib/python3.11/site-packages/google/auth/credentials.py", line 202, in _blocking_refresh
    self.refresh(request)
  File "/Users/Gabriel/DataHub/rag_app_cofares/Web_Cofares/.venv/lib/python3.11/site-packages/google/oauth2/credentials.py", line 409, in refresh
    ) = reauth.refresh_grant(
        ^^^^^^^^^^^^^^^^^^^^^
  File "/Users/Gabriel/DataHub/rag_app_cofares/Web_Cofares/.venv/lib/python3.11/site-packages/google/oauth2/reauth.py", line 349, in refresh_grant
    raise exceptions.RefreshError(
google.auth.exceptions.RefreshError: Reauthentication is needed. Please run `gcloud auth application-default login` to reauthenticate.
2024-11-04 13:03:24,467 - ERROR - AuthMetadataPluginCallback "<google.auth.transport.grpc.AuthMetadataPlugin object at 0x11abca550>" raised exception!
Traceback (most recent call last):
  File "/Users/Gabriel/DataHub/rag_app_cofares/Web_Cofares/.venv/lib/python3.11/site-packages/grpc/_plugin_wrapping.py", line 105, in __call__
    self._metadata_plugin(
  File "/Users/Gabriel/DataHub/rag_app_cofares/Web_Cofares/.venv/lib/python3.11/site-packages/google/auth/transport/grpc.py", line 95, in __call__
    callback(self._get_authorization_headers(context), None)
             ^^^^^^^^^^^^^^^^^^^^^^^^^^^^^^^^^^^^^^^^
  File "/Users/Gabriel/DataHub/rag_app_cofares/Web_Cofares/.venv/lib/python3.11/site-packages/google/auth/transport/grpc.py", line 81, in _get_authorization_headers
    self._credentials.before_request(
  File "/Users/Gabriel/DataHub/rag_app_cofares/Web_Cofares/.venv/lib/python3.11/site-packages/google/auth/credentials.py", line 239, in before_request
    self._blocking_refresh(request)
  File "/Users/Gabriel/DataHub/rag_app_cofares/Web_Cofares/.venv/lib/python3.11/site-packages/google/auth/credentials.py", line 202, in _blocking_refresh
    self.refresh(request)
  File "/Users/Gabriel/DataHub/rag_app_cofares/Web_Cofares/.venv/lib/python3.11/site-packages/google/oauth2/credentials.py", line 409, in refresh
    ) = reauth.refresh_grant(
        ^^^^^^^^^^^^^^^^^^^^^
  File "/Users/Gabriel/DataHub/rag_app_cofares/Web_Cofares/.venv/lib/python3.11/site-packages/google/oauth2/reauth.py", line 349, in refresh_grant
    raise exceptions.RefreshError(
google.auth.exceptions.RefreshError: Reauthentication is needed. Please run `gcloud auth application-default login` to reauthenticate.
2024-11-04 13:03:25,992 - ERROR - AuthMetadataPluginCallback "<google.auth.transport.grpc.AuthMetadataPlugin object at 0x11abca550>" raised exception!
Traceback (most recent call last):
  File "/Users/Gabriel/DataHub/rag_app_cofares/Web_Cofares/.venv/lib/python3.11/site-packages/grpc/_plugin_wrapping.py", line 105, in __call__
    self._metadata_plugin(
  File "/Users/Gabriel/DataHub/rag_app_cofares/Web_Cofares/.venv/lib/python3.11/site-packages/google/auth/transport/grpc.py", line 95, in __call__
    callback(self._get_authorization_headers(context), None)
             ^^^^^^^^^^^^^^^^^^^^^^^^^^^^^^^^^^^^^^^^
  File "/Users/Gabriel/DataHub/rag_app_cofares/Web_Cofares/.venv/lib/python3.11/site-packages/google/auth/transport/grpc.py", line 81, in _get_authorization_headers
    self._credentials.before_request(
  File "/Users/Gabriel/DataHub/rag_app_cofares/Web_Cofares/.venv/lib/python3.11/site-packages/google/auth/credentials.py", line 239, in before_request
    self._blocking_refresh(request)
  File "/Users/Gabriel/DataHub/rag_app_cofares/Web_Cofares/.venv/lib/python3.11/site-packages/google/auth/credentials.py", line 202, in _blocking_refresh
    self.refresh(request)
  File "/Users/Gabriel/DataHub/rag_app_cofares/Web_Cofares/.venv/lib/python3.11/site-packages/google/oauth2/credentials.py", line 409, in refresh
    ) = reauth.refresh_grant(
        ^^^^^^^^^^^^^^^^^^^^^
  File "/Users/Gabriel/DataHub/rag_app_cofares/Web_Cofares/.venv/lib/python3.11/site-packages/google/oauth2/reauth.py", line 349, in refresh_grant
    raise exceptions.RefreshError(
google.auth.exceptions.RefreshError: Reauthentication is needed. Please run `gcloud auth application-default login` to reauthenticate.
2024-11-04 13:03:26,893 - ERROR - AuthMetadataPluginCallback "<google.auth.transport.grpc.AuthMetadataPlugin object at 0x11abca550>" raised exception!
Traceback (most recent call last):
  File "/Users/Gabriel/DataHub/rag_app_cofares/Web_Cofares/.venv/lib/python3.11/site-packages/grpc/_plugin_wrapping.py", line 105, in __call__
    self._metadata_plugin(
  File "/Users/Gabriel/DataHub/rag_app_cofares/Web_Cofares/.venv/lib/python3.11/site-packages/google/auth/transport/grpc.py", line 95, in __call__
    callback(self._get_authorization_headers(context), None)
             ^^^^^^^^^^^^^^^^^^^^^^^^^^^^^^^^^^^^^^^^
  File "/Users/Gabriel/DataHub/rag_app_cofares/Web_Cofares/.venv/lib/python3.11/site-packages/google/auth/transport/grpc.py", line 81, in _get_authorization_headers
    self._credentials.before_request(
  File "/Users/Gabriel/DataHub/rag_app_cofares/Web_Cofares/.venv/lib/python3.11/site-packages/google/auth/credentials.py", line 239, in before_request
    self._blocking_refresh(request)
  File "/Users/Gabriel/DataHub/rag_app_cofares/Web_Cofares/.venv/lib/python3.11/site-packages/google/auth/credentials.py", line 202, in _blocking_refresh
    self.refresh(request)
  File "/Users/Gabriel/DataHub/rag_app_cofares/Web_Cofares/.venv/lib/python3.11/site-packages/google/oauth2/credentials.py", line 409, in refresh
    ) = reauth.refresh_grant(
        ^^^^^^^^^^^^^^^^^^^^^
  File "/Users/Gabriel/DataHub/rag_app_cofares/Web_Cofares/.venv/lib/python3.11/site-packages/google/oauth2/reauth.py", line 349, in refresh_grant
    raise exceptions.RefreshError(
google.auth.exceptions.RefreshError: Reauthentication is needed. Please run `gcloud auth application-default login` to reauthenticate.
2024-11-04 13:03:27,975 - ERROR - AuthMetadataPluginCallback "<google.auth.transport.grpc.AuthMetadataPlugin object at 0x11abca550>" raised exception!
Traceback (most recent call last):
  File "/Users/Gabriel/DataHub/rag_app_cofares/Web_Cofares/.venv/lib/python3.11/site-packages/grpc/_plugin_wrapping.py", line 105, in __call__
    self._metadata_plugin(
  File "/Users/Gabriel/DataHub/rag_app_cofares/Web_Cofares/.venv/lib/python3.11/site-packages/google/auth/transport/grpc.py", line 95, in __call__
    callback(self._get_authorization_headers(context), None)
             ^^^^^^^^^^^^^^^^^^^^^^^^^^^^^^^^^^^^^^^^
  File "/Users/Gabriel/DataHub/rag_app_cofares/Web_Cofares/.venv/lib/python3.11/site-packages/google/auth/transport/grpc.py", line 81, in _get_authorization_headers
    self._credentials.before_request(
  File "/Users/Gabriel/DataHub/rag_app_cofares/Web_Cofares/.venv/lib/python3.11/site-packages/google/auth/credentials.py", line 239, in before_request
    self._blocking_refresh(request)
  File "/Users/Gabriel/DataHub/rag_app_cofares/Web_Cofares/.venv/lib/python3.11/site-packages/google/auth/credentials.py", line 202, in _blocking_refresh
    self.refresh(request)
  File "/Users/Gabriel/DataHub/rag_app_cofares/Web_Cofares/.venv/lib/python3.11/site-packages/google/oauth2/credentials.py", line 409, in refresh
    ) = reauth.refresh_grant(
        ^^^^^^^^^^^^^^^^^^^^^
  File "/Users/Gabriel/DataHub/rag_app_cofares/Web_Cofares/.venv/lib/python3.11/site-packages/google/oauth2/reauth.py", line 349, in refresh_grant
    raise exceptions.RefreshError(
google.auth.exceptions.RefreshError: Reauthentication is needed. Please run `gcloud auth application-default login` to reauthenticate.
2024-11-04 13:03:28,261 - ERROR - AuthMetadataPluginCallback "<google.auth.transport.grpc.AuthMetadataPlugin object at 0x11abca550>" raised exception!
Traceback (most recent call last):
  File "/Users/Gabriel/DataHub/rag_app_cofares/Web_Cofares/.venv/lib/python3.11/site-packages/grpc/_plugin_wrapping.py", line 105, in __call__
    self._metadata_plugin(
  File "/Users/Gabriel/DataHub/rag_app_cofares/Web_Cofares/.venv/lib/python3.11/site-packages/google/auth/transport/grpc.py", line 95, in __call__
    callback(self._get_authorization_headers(context), None)
             ^^^^^^^^^^^^^^^^^^^^^^^^^^^^^^^^^^^^^^^^
  File "/Users/Gabriel/DataHub/rag_app_cofares/Web_Cofares/.venv/lib/python3.11/site-packages/google/auth/transport/grpc.py", line 81, in _get_authorization_headers
    self._credentials.before_request(
  File "/Users/Gabriel/DataHub/rag_app_cofares/Web_Cofares/.venv/lib/python3.11/site-packages/google/auth/credentials.py", line 239, in before_request
    self._blocking_refresh(request)
  File "/Users/Gabriel/DataHub/rag_app_cofares/Web_Cofares/.venv/lib/python3.11/site-packages/google/auth/credentials.py", line 202, in _blocking_refresh
    self.refresh(request)
  File "/Users/Gabriel/DataHub/rag_app_cofares/Web_Cofares/.venv/lib/python3.11/site-packages/google/oauth2/credentials.py", line 409, in refresh
    ) = reauth.refresh_grant(
        ^^^^^^^^^^^^^^^^^^^^^
  File "/Users/Gabriel/DataHub/rag_app_cofares/Web_Cofares/.venv/lib/python3.11/site-packages/google/oauth2/reauth.py", line 349, in refresh_grant
    raise exceptions.RefreshError(
google.auth.exceptions.RefreshError: Reauthentication is needed. Please run `gcloud auth application-default login` to reauthenticate.
2024-11-04 13:03:32,957 - ERROR - AuthMetadataPluginCallback "<google.auth.transport.grpc.AuthMetadataPlugin object at 0x11abca550>" raised exception!
Traceback (most recent call last):
  File "/Users/Gabriel/DataHub/rag_app_cofares/Web_Cofares/.venv/lib/python3.11/site-packages/grpc/_plugin_wrapping.py", line 105, in __call__
    self._metadata_plugin(
  File "/Users/Gabriel/DataHub/rag_app_cofares/Web_Cofares/.venv/lib/python3.11/site-packages/google/auth/transport/grpc.py", line 95, in __call__
    callback(self._get_authorization_headers(context), None)
             ^^^^^^^^^^^^^^^^^^^^^^^^^^^^^^^^^^^^^^^^
  File "/Users/Gabriel/DataHub/rag_app_cofares/Web_Cofares/.venv/lib/python3.11/site-packages/google/auth/transport/grpc.py", line 81, in _get_authorization_headers
    self._credentials.before_request(
  File "/Users/Gabriel/DataHub/rag_app_cofares/Web_Cofares/.venv/lib/python3.11/site-packages/google/auth/credentials.py", line 239, in before_request
    self._blocking_refresh(request)
  File "/Users/Gabriel/DataHub/rag_app_cofares/Web_Cofares/.venv/lib/python3.11/site-packages/google/auth/credentials.py", line 202, in _blocking_refresh
    self.refresh(request)
  File "/Users/Gabriel/DataHub/rag_app_cofares/Web_Cofares/.venv/lib/python3.11/site-packages/google/oauth2/credentials.py", line 409, in refresh
    ) = reauth.refresh_grant(
        ^^^^^^^^^^^^^^^^^^^^^
  File "/Users/Gabriel/DataHub/rag_app_cofares/Web_Cofares/.venv/lib/python3.11/site-packages/google/oauth2/reauth.py", line 349, in refresh_grant
    raise exceptions.RefreshError(
google.auth.exceptions.RefreshError: Reauthentication is needed. Please run `gcloud auth application-default login` to reauthenticate.
2024-11-04 13:03:35,943 - ERROR - AuthMetadataPluginCallback "<google.auth.transport.grpc.AuthMetadataPlugin object at 0x11abca550>" raised exception!
Traceback (most recent call last):
  File "/Users/Gabriel/DataHub/rag_app_cofares/Web_Cofares/.venv/lib/python3.11/site-packages/grpc/_plugin_wrapping.py", line 105, in __call__
    self._metadata_plugin(
  File "/Users/Gabriel/DataHub/rag_app_cofares/Web_Cofares/.venv/lib/python3.11/site-packages/google/auth/transport/grpc.py", line 95, in __call__
    callback(self._get_authorization_headers(context), None)
             ^^^^^^^^^^^^^^^^^^^^^^^^^^^^^^^^^^^^^^^^
  File "/Users/Gabriel/DataHub/rag_app_cofares/Web_Cofares/.venv/lib/python3.11/site-packages/google/auth/transport/grpc.py", line 81, in _get_authorization_headers
    self._credentials.before_request(
  File "/Users/Gabriel/DataHub/rag_app_cofares/Web_Cofares/.venv/lib/python3.11/site-packages/google/auth/credentials.py", line 239, in before_request
    self._blocking_refresh(request)
  File "/Users/Gabriel/DataHub/rag_app_cofares/Web_Cofares/.venv/lib/python3.11/site-packages/google/auth/credentials.py", line 202, in _blocking_refresh
    self.refresh(request)
  File "/Users/Gabriel/DataHub/rag_app_cofares/Web_Cofares/.venv/lib/python3.11/site-packages/google/oauth2/credentials.py", line 409, in refresh
    ) = reauth.refresh_grant(
        ^^^^^^^^^^^^^^^^^^^^^
  File "/Users/Gabriel/DataHub/rag_app_cofares/Web_Cofares/.venv/lib/python3.11/site-packages/google/oauth2/reauth.py", line 349, in refresh_grant
    raise exceptions.RefreshError(
google.auth.exceptions.RefreshError: Reauthentication is needed. Please run `gcloud auth application-default login` to reauthenticate.
2024-11-04 13:03:43,297 - ERROR - AuthMetadataPluginCallback "<google.auth.transport.grpc.AuthMetadataPlugin object at 0x11abca550>" raised exception!
Traceback (most recent call last):
  File "/Users/Gabriel/DataHub/rag_app_cofares/Web_Cofares/.venv/lib/python3.11/site-packages/grpc/_plugin_wrapping.py", line 105, in __call__
    self._metadata_plugin(
  File "/Users/Gabriel/DataHub/rag_app_cofares/Web_Cofares/.venv/lib/python3.11/site-packages/google/auth/transport/grpc.py", line 95, in __call__
    callback(self._get_authorization_headers(context), None)
             ^^^^^^^^^^^^^^^^^^^^^^^^^^^^^^^^^^^^^^^^
  File "/Users/Gabriel/DataHub/rag_app_cofares/Web_Cofares/.venv/lib/python3.11/site-packages/google/auth/transport/grpc.py", line 81, in _get_authorization_headers
    self._credentials.before_request(
  File "/Users/Gabriel/DataHub/rag_app_cofares/Web_Cofares/.venv/lib/python3.11/site-packages/google/auth/credentials.py", line 239, in before_request
    self._blocking_refresh(request)
  File "/Users/Gabriel/DataHub/rag_app_cofares/Web_Cofares/.venv/lib/python3.11/site-packages/google/auth/credentials.py", line 202, in _blocking_refresh
    self.refresh(request)
  File "/Users/Gabriel/DataHub/rag_app_cofares/Web_Cofares/.venv/lib/python3.11/site-packages/google/oauth2/credentials.py", line 409, in refresh
    ) = reauth.refresh_grant(
        ^^^^^^^^^^^^^^^^^^^^^
  File "/Users/Gabriel/DataHub/rag_app_cofares/Web_Cofares/.venv/lib/python3.11/site-packages/google/oauth2/reauth.py", line 349, in refresh_grant
    raise exceptions.RefreshError(
google.auth.exceptions.RefreshError: Reauthentication is needed. Please run `gcloud auth application-default login` to reauthenticate.
2024-11-04 13:03:53,148 - ERROR - AuthMetadataPluginCallback "<google.auth.transport.grpc.AuthMetadataPlugin object at 0x11abca550>" raised exception!
Traceback (most recent call last):
  File "/Users/Gabriel/DataHub/rag_app_cofares/Web_Cofares/.venv/lib/python3.11/site-packages/grpc/_plugin_wrapping.py", line 105, in __call__
    self._metadata_plugin(
  File "/Users/Gabriel/DataHub/rag_app_cofares/Web_Cofares/.venv/lib/python3.11/site-packages/google/auth/transport/grpc.py", line 95, in __call__
    callback(self._get_authorization_headers(context), None)
             ^^^^^^^^^^^^^^^^^^^^^^^^^^^^^^^^^^^^^^^^
  File "/Users/Gabriel/DataHub/rag_app_cofares/Web_Cofares/.venv/lib/python3.11/site-packages/google/auth/transport/grpc.py", line 81, in _get_authorization_headers
    self._credentials.before_request(
  File "/Users/Gabriel/DataHub/rag_app_cofares/Web_Cofares/.venv/lib/python3.11/site-packages/google/auth/credentials.py", line 239, in before_request
    self._blocking_refresh(request)
  File "/Users/Gabriel/DataHub/rag_app_cofares/Web_Cofares/.venv/lib/python3.11/site-packages/google/auth/credentials.py", line 202, in _blocking_refresh
    self.refresh(request)
  File "/Users/Gabriel/DataHub/rag_app_cofares/Web_Cofares/.venv/lib/python3.11/site-packages/google/oauth2/credentials.py", line 409, in refresh
    ) = reauth.refresh_grant(
        ^^^^^^^^^^^^^^^^^^^^^
  File "/Users/Gabriel/DataHub/rag_app_cofares/Web_Cofares/.venv/lib/python3.11/site-packages/google/oauth2/reauth.py", line 349, in refresh_grant
    raise exceptions.RefreshError(
google.auth.exceptions.RefreshError: Reauthentication is needed. Please run `gcloud auth application-default login` to reauthenticate.
2024-11-04 13:03:57,911 - ERROR - AuthMetadataPluginCallback "<google.auth.transport.grpc.AuthMetadataPlugin object at 0x11abca550>" raised exception!
Traceback (most recent call last):
  File "/Users/Gabriel/DataHub/rag_app_cofares/Web_Cofares/.venv/lib/python3.11/site-packages/grpc/_plugin_wrapping.py", line 105, in __call__
    self._metadata_plugin(
  File "/Users/Gabriel/DataHub/rag_app_cofares/Web_Cofares/.venv/lib/python3.11/site-packages/google/auth/transport/grpc.py", line 95, in __call__
    callback(self._get_authorization_headers(context), None)
             ^^^^^^^^^^^^^^^^^^^^^^^^^^^^^^^^^^^^^^^^
  File "/Users/Gabriel/DataHub/rag_app_cofares/Web_Cofares/.venv/lib/python3.11/site-packages/google/auth/transport/grpc.py", line 81, in _get_authorization_headers
    self._credentials.before_request(
  File "/Users/Gabriel/DataHub/rag_app_cofares/Web_Cofares/.venv/lib/python3.11/site-packages/google/auth/credentials.py", line 239, in before_request
    self._blocking_refresh(request)
  File "/Users/Gabriel/DataHub/rag_app_cofares/Web_Cofares/.venv/lib/python3.11/site-packages/google/auth/credentials.py", line 202, in _blocking_refresh
    self.refresh(request)
  File "/Users/Gabriel/DataHub/rag_app_cofares/Web_Cofares/.venv/lib/python3.11/site-packages/google/oauth2/credentials.py", line 409, in refresh
    ) = reauth.refresh_grant(
        ^^^^^^^^^^^^^^^^^^^^^
  File "/Users/Gabriel/DataHub/rag_app_cofares/Web_Cofares/.venv/lib/python3.11/site-packages/google/oauth2/reauth.py", line 349, in refresh_grant
    raise exceptions.RefreshError(
google.auth.exceptions.RefreshError: Reauthentication is needed. Please run `gcloud auth application-default login` to reauthenticate.
2024-11-04 13:04:01,352 - ERROR - AuthMetadataPluginCallback "<google.auth.transport.grpc.AuthMetadataPlugin object at 0x11abca550>" raised exception!
Traceback (most recent call last):
  File "/Users/Gabriel/DataHub/rag_app_cofares/Web_Cofares/.venv/lib/python3.11/site-packages/grpc/_plugin_wrapping.py", line 105, in __call__
    self._metadata_plugin(
  File "/Users/Gabriel/DataHub/rag_app_cofares/Web_Cofares/.venv/lib/python3.11/site-packages/google/auth/transport/grpc.py", line 95, in __call__
    callback(self._get_authorization_headers(context), None)
             ^^^^^^^^^^^^^^^^^^^^^^^^^^^^^^^^^^^^^^^^
  File "/Users/Gabriel/DataHub/rag_app_cofares/Web_Cofares/.venv/lib/python3.11/site-packages/google/auth/transport/grpc.py", line 81, in _get_authorization_headers
    self._credentials.before_request(
  File "/Users/Gabriel/DataHub/rag_app_cofares/Web_Cofares/.venv/lib/python3.11/site-packages/google/auth/credentials.py", line 239, in before_request
    self._blocking_refresh(request)
  File "/Users/Gabriel/DataHub/rag_app_cofares/Web_Cofares/.venv/lib/python3.11/site-packages/google/auth/credentials.py", line 202, in _blocking_refresh
    self.refresh(request)
  File "/Users/Gabriel/DataHub/rag_app_cofares/Web_Cofares/.venv/lib/python3.11/site-packages/google/oauth2/credentials.py", line 409, in refresh
    ) = reauth.refresh_grant(
        ^^^^^^^^^^^^^^^^^^^^^
  File "/Users/Gabriel/DataHub/rag_app_cofares/Web_Cofares/.venv/lib/python3.11/site-packages/google/oauth2/reauth.py", line 349, in refresh_grant
    raise exceptions.RefreshError(
google.auth.exceptions.RefreshError: Reauthentication is needed. Please run `gcloud auth application-default login` to reauthenticate.
2024-11-04 13:04:50,734 - ERROR - AuthMetadataPluginCallback "<google.auth.transport.grpc.AuthMetadataPlugin object at 0x11d1d9d10>" raised exception!
Traceback (most recent call last):
  File "/Users/Gabriel/DataHub/rag_app_cofares/Web_Cofares/.venv/lib/python3.11/site-packages/grpc/_plugin_wrapping.py", line 105, in __call__
    self._metadata_plugin(
  File "/Users/Gabriel/DataHub/rag_app_cofares/Web_Cofares/.venv/lib/python3.11/site-packages/google/auth/transport/grpc.py", line 95, in __call__
    callback(self._get_authorization_headers(context), None)
             ^^^^^^^^^^^^^^^^^^^^^^^^^^^^^^^^^^^^^^^^
  File "/Users/Gabriel/DataHub/rag_app_cofares/Web_Cofares/.venv/lib/python3.11/site-packages/google/auth/transport/grpc.py", line 81, in _get_authorization_headers
    self._credentials.before_request(
  File "/Users/Gabriel/DataHub/rag_app_cofares/Web_Cofares/.venv/lib/python3.11/site-packages/google/auth/credentials.py", line 239, in before_request
    self._blocking_refresh(request)
  File "/Users/Gabriel/DataHub/rag_app_cofares/Web_Cofares/.venv/lib/python3.11/site-packages/google/auth/credentials.py", line 202, in _blocking_refresh
    self.refresh(request)
  File "/Users/Gabriel/DataHub/rag_app_cofares/Web_Cofares/.venv/lib/python3.11/site-packages/google/oauth2/credentials.py", line 409, in refresh
    ) = reauth.refresh_grant(
        ^^^^^^^^^^^^^^^^^^^^^
  File "/Users/Gabriel/DataHub/rag_app_cofares/Web_Cofares/.venv/lib/python3.11/site-packages/google/oauth2/reauth.py", line 349, in refresh_grant
    raise exceptions.RefreshError(
google.auth.exceptions.RefreshError: Reauthentication is needed. Please run `gcloud auth application-default login` to reauthenticate.
2024-11-04 13:04:50,905 - ERROR - AuthMetadataPluginCallback "<google.auth.transport.grpc.AuthMetadataPlugin object at 0x11d1d9d10>" raised exception!
Traceback (most recent call last):
  File "/Users/Gabriel/DataHub/rag_app_cofares/Web_Cofares/.venv/lib/python3.11/site-packages/grpc/_plugin_wrapping.py", line 105, in __call__
    self._metadata_plugin(
  File "/Users/Gabriel/DataHub/rag_app_cofares/Web_Cofares/.venv/lib/python3.11/site-packages/google/auth/transport/grpc.py", line 95, in __call__
    callback(self._get_authorization_headers(context), None)
             ^^^^^^^^^^^^^^^^^^^^^^^^^^^^^^^^^^^^^^^^
  File "/Users/Gabriel/DataHub/rag_app_cofares/Web_Cofares/.venv/lib/python3.11/site-packages/google/auth/transport/grpc.py", line 81, in _get_authorization_headers
    self._credentials.before_request(
  File "/Users/Gabriel/DataHub/rag_app_cofares/Web_Cofares/.venv/lib/python3.11/site-packages/google/auth/credentials.py", line 239, in before_request
    self._blocking_refresh(request)
  File "/Users/Gabriel/DataHub/rag_app_cofares/Web_Cofares/.venv/lib/python3.11/site-packages/google/auth/credentials.py", line 202, in _blocking_refresh
    self.refresh(request)
  File "/Users/Gabriel/DataHub/rag_app_cofares/Web_Cofares/.venv/lib/python3.11/site-packages/google/oauth2/credentials.py", line 409, in refresh
    ) = reauth.refresh_grant(
        ^^^^^^^^^^^^^^^^^^^^^
  File "/Users/Gabriel/DataHub/rag_app_cofares/Web_Cofares/.venv/lib/python3.11/site-packages/google/oauth2/reauth.py", line 349, in refresh_grant
    raise exceptions.RefreshError(
google.auth.exceptions.RefreshError: Reauthentication is needed. Please run `gcloud auth application-default login` to reauthenticate.
2024-11-04 13:04:50,975 - ERROR - AuthMetadataPluginCallback "<google.auth.transport.grpc.AuthMetadataPlugin object at 0x11d1d9d10>" raised exception!
Traceback (most recent call last):
  File "/Users/Gabriel/DataHub/rag_app_cofares/Web_Cofares/.venv/lib/python3.11/site-packages/grpc/_plugin_wrapping.py", line 105, in __call__
    self._metadata_plugin(
  File "/Users/Gabriel/DataHub/rag_app_cofares/Web_Cofares/.venv/lib/python3.11/site-packages/google/auth/transport/grpc.py", line 95, in __call__
    callback(self._get_authorization_headers(context), None)
             ^^^^^^^^^^^^^^^^^^^^^^^^^^^^^^^^^^^^^^^^
  File "/Users/Gabriel/DataHub/rag_app_cofares/Web_Cofares/.venv/lib/python3.11/site-packages/google/auth/transport/grpc.py", line 81, in _get_authorization_headers
    self._credentials.before_request(
  File "/Users/Gabriel/DataHub/rag_app_cofares/Web_Cofares/.venv/lib/python3.11/site-packages/google/auth/credentials.py", line 239, in before_request
    self._blocking_refresh(request)
  File "/Users/Gabriel/DataHub/rag_app_cofares/Web_Cofares/.venv/lib/python3.11/site-packages/google/auth/credentials.py", line 202, in _blocking_refresh
    self.refresh(request)
  File "/Users/Gabriel/DataHub/rag_app_cofares/Web_Cofares/.venv/lib/python3.11/site-packages/google/oauth2/credentials.py", line 409, in refresh
    ) = reauth.refresh_grant(
        ^^^^^^^^^^^^^^^^^^^^^
  File "/Users/Gabriel/DataHub/rag_app_cofares/Web_Cofares/.venv/lib/python3.11/site-packages/google/oauth2/reauth.py", line 349, in refresh_grant
    raise exceptions.RefreshError(
google.auth.exceptions.RefreshError: Reauthentication is needed. Please run `gcloud auth application-default login` to reauthenticate.
2024-11-04 13:04:51,089 - ERROR - AuthMetadataPluginCallback "<google.auth.transport.grpc.AuthMetadataPlugin object at 0x11d1d9d10>" raised exception!
Traceback (most recent call last):
  File "/Users/Gabriel/DataHub/rag_app_cofares/Web_Cofares/.venv/lib/python3.11/site-packages/grpc/_plugin_wrapping.py", line 105, in __call__
    self._metadata_plugin(
  File "/Users/Gabriel/DataHub/rag_app_cofares/Web_Cofares/.venv/lib/python3.11/site-packages/google/auth/transport/grpc.py", line 95, in __call__
    callback(self._get_authorization_headers(context), None)
             ^^^^^^^^^^^^^^^^^^^^^^^^^^^^^^^^^^^^^^^^
  File "/Users/Gabriel/DataHub/rag_app_cofares/Web_Cofares/.venv/lib/python3.11/site-packages/google/auth/transport/grpc.py", line 81, in _get_authorization_headers
    self._credentials.before_request(
  File "/Users/Gabriel/DataHub/rag_app_cofares/Web_Cofares/.venv/lib/python3.11/site-packages/google/auth/credentials.py", line 239, in before_request
    self._blocking_refresh(request)
  File "/Users/Gabriel/DataHub/rag_app_cofares/Web_Cofares/.venv/lib/python3.11/site-packages/google/auth/credentials.py", line 202, in _blocking_refresh
    self.refresh(request)
  File "/Users/Gabriel/DataHub/rag_app_cofares/Web_Cofares/.venv/lib/python3.11/site-packages/google/oauth2/credentials.py", line 409, in refresh
    ) = reauth.refresh_grant(
        ^^^^^^^^^^^^^^^^^^^^^
  File "/Users/Gabriel/DataHub/rag_app_cofares/Web_Cofares/.venv/lib/python3.11/site-packages/google/oauth2/reauth.py", line 349, in refresh_grant
    raise exceptions.RefreshError(
google.auth.exceptions.RefreshError: Reauthentication is needed. Please run `gcloud auth application-default login` to reauthenticate.
2024-11-04 13:04:51,363 - ERROR - AuthMetadataPluginCallback "<google.auth.transport.grpc.AuthMetadataPlugin object at 0x11d1d9d10>" raised exception!
Traceback (most recent call last):
  File "/Users/Gabriel/DataHub/rag_app_cofares/Web_Cofares/.venv/lib/python3.11/site-packages/grpc/_plugin_wrapping.py", line 105, in __call__
    self._metadata_plugin(
  File "/Users/Gabriel/DataHub/rag_app_cofares/Web_Cofares/.venv/lib/python3.11/site-packages/google/auth/transport/grpc.py", line 95, in __call__
    callback(self._get_authorization_headers(context), None)
             ^^^^^^^^^^^^^^^^^^^^^^^^^^^^^^^^^^^^^^^^
  File "/Users/Gabriel/DataHub/rag_app_cofares/Web_Cofares/.venv/lib/python3.11/site-packages/google/auth/transport/grpc.py", line 81, in _get_authorization_headers
    self._credentials.before_request(
  File "/Users/Gabriel/DataHub/rag_app_cofares/Web_Cofares/.venv/lib/python3.11/site-packages/google/auth/credentials.py", line 239, in before_request
    self._blocking_refresh(request)
  File "/Users/Gabriel/DataHub/rag_app_cofares/Web_Cofares/.venv/lib/python3.11/site-packages/google/auth/credentials.py", line 202, in _blocking_refresh
    self.refresh(request)
  File "/Users/Gabriel/DataHub/rag_app_cofares/Web_Cofares/.venv/lib/python3.11/site-packages/google/oauth2/credentials.py", line 409, in refresh
    ) = reauth.refresh_grant(
        ^^^^^^^^^^^^^^^^^^^^^
  File "/Users/Gabriel/DataHub/rag_app_cofares/Web_Cofares/.venv/lib/python3.11/site-packages/google/oauth2/reauth.py", line 349, in refresh_grant
    raise exceptions.RefreshError(
google.auth.exceptions.RefreshError: Reauthentication is needed. Please run `gcloud auth application-default login` to reauthenticate.
2024-11-04 13:04:51,548 - ERROR - AuthMetadataPluginCallback "<google.auth.transport.grpc.AuthMetadataPlugin object at 0x11d1d9d10>" raised exception!
Traceback (most recent call last):
  File "/Users/Gabriel/DataHub/rag_app_cofares/Web_Cofares/.venv/lib/python3.11/site-packages/grpc/_plugin_wrapping.py", line 105, in __call__
    self._metadata_plugin(
  File "/Users/Gabriel/DataHub/rag_app_cofares/Web_Cofares/.venv/lib/python3.11/site-packages/google/auth/transport/grpc.py", line 95, in __call__
    callback(self._get_authorization_headers(context), None)
             ^^^^^^^^^^^^^^^^^^^^^^^^^^^^^^^^^^^^^^^^
  File "/Users/Gabriel/DataHub/rag_app_cofares/Web_Cofares/.venv/lib/python3.11/site-packages/google/auth/transport/grpc.py", line 81, in _get_authorization_headers
    self._credentials.before_request(
  File "/Users/Gabriel/DataHub/rag_app_cofares/Web_Cofares/.venv/lib/python3.11/site-packages/google/auth/credentials.py", line 239, in before_request
    self._blocking_refresh(request)
  File "/Users/Gabriel/DataHub/rag_app_cofares/Web_Cofares/.venv/lib/python3.11/site-packages/google/auth/credentials.py", line 202, in _blocking_refresh
    self.refresh(request)
  File "/Users/Gabriel/DataHub/rag_app_cofares/Web_Cofares/.venv/lib/python3.11/site-packages/google/oauth2/credentials.py", line 409, in refresh
    ) = reauth.refresh_grant(
        ^^^^^^^^^^^^^^^^^^^^^
  File "/Users/Gabriel/DataHub/rag_app_cofares/Web_Cofares/.venv/lib/python3.11/site-packages/google/oauth2/reauth.py", line 349, in refresh_grant
    raise exceptions.RefreshError(
google.auth.exceptions.RefreshError: Reauthentication is needed. Please run `gcloud auth application-default login` to reauthenticate.
2024-11-04 13:04:51,766 - ERROR - AuthMetadataPluginCallback "<google.auth.transport.grpc.AuthMetadataPlugin object at 0x11d1d9d10>" raised exception!
Traceback (most recent call last):
  File "/Users/Gabriel/DataHub/rag_app_cofares/Web_Cofares/.venv/lib/python3.11/site-packages/grpc/_plugin_wrapping.py", line 105, in __call__
    self._metadata_plugin(
  File "/Users/Gabriel/DataHub/rag_app_cofares/Web_Cofares/.venv/lib/python3.11/site-packages/google/auth/transport/grpc.py", line 95, in __call__
    callback(self._get_authorization_headers(context), None)
             ^^^^^^^^^^^^^^^^^^^^^^^^^^^^^^^^^^^^^^^^
  File "/Users/Gabriel/DataHub/rag_app_cofares/Web_Cofares/.venv/lib/python3.11/site-packages/google/auth/transport/grpc.py", line 81, in _get_authorization_headers
    self._credentials.before_request(
  File "/Users/Gabriel/DataHub/rag_app_cofares/Web_Cofares/.venv/lib/python3.11/site-packages/google/auth/credentials.py", line 239, in before_request
    self._blocking_refresh(request)
  File "/Users/Gabriel/DataHub/rag_app_cofares/Web_Cofares/.venv/lib/python3.11/site-packages/google/auth/credentials.py", line 202, in _blocking_refresh
    self.refresh(request)
  File "/Users/Gabriel/DataHub/rag_app_cofares/Web_Cofares/.venv/lib/python3.11/site-packages/google/oauth2/credentials.py", line 409, in refresh
    ) = reauth.refresh_grant(
        ^^^^^^^^^^^^^^^^^^^^^
  File "/Users/Gabriel/DataHub/rag_app_cofares/Web_Cofares/.venv/lib/python3.11/site-packages/google/oauth2/reauth.py", line 349, in refresh_grant
    raise exceptions.RefreshError(
google.auth.exceptions.RefreshError: Reauthentication is needed. Please run `gcloud auth application-default login` to reauthenticate.
2024-11-04 13:04:51,868 - ERROR - AuthMetadataPluginCallback "<google.auth.transport.grpc.AuthMetadataPlugin object at 0x11d1d9d10>" raised exception!
Traceback (most recent call last):
  File "/Users/Gabriel/DataHub/rag_app_cofares/Web_Cofares/.venv/lib/python3.11/site-packages/grpc/_plugin_wrapping.py", line 105, in __call__
    self._metadata_plugin(
  File "/Users/Gabriel/DataHub/rag_app_cofares/Web_Cofares/.venv/lib/python3.11/site-packages/google/auth/transport/grpc.py", line 95, in __call__
    callback(self._get_authorization_headers(context), None)
             ^^^^^^^^^^^^^^^^^^^^^^^^^^^^^^^^^^^^^^^^
  File "/Users/Gabriel/DataHub/rag_app_cofares/Web_Cofares/.venv/lib/python3.11/site-packages/google/auth/transport/grpc.py", line 81, in _get_authorization_headers
    self._credentials.before_request(
  File "/Users/Gabriel/DataHub/rag_app_cofares/Web_Cofares/.venv/lib/python3.11/site-packages/google/auth/credentials.py", line 239, in before_request
    self._blocking_refresh(request)
  File "/Users/Gabriel/DataHub/rag_app_cofares/Web_Cofares/.venv/lib/python3.11/site-packages/google/auth/credentials.py", line 202, in _blocking_refresh
    self.refresh(request)
  File "/Users/Gabriel/DataHub/rag_app_cofares/Web_Cofares/.venv/lib/python3.11/site-packages/google/oauth2/credentials.py", line 409, in refresh
    ) = reauth.refresh_grant(
        ^^^^^^^^^^^^^^^^^^^^^
  File "/Users/Gabriel/DataHub/rag_app_cofares/Web_Cofares/.venv/lib/python3.11/site-packages/google/oauth2/reauth.py", line 349, in refresh_grant
    raise exceptions.RefreshError(
google.auth.exceptions.RefreshError: Reauthentication is needed. Please run `gcloud auth application-default login` to reauthenticate.
2024-11-04 13:04:52,475 - ERROR - AuthMetadataPluginCallback "<google.auth.transport.grpc.AuthMetadataPlugin object at 0x11d1d9d10>" raised exception!
Traceback (most recent call last):
  File "/Users/Gabriel/DataHub/rag_app_cofares/Web_Cofares/.venv/lib/python3.11/site-packages/grpc/_plugin_wrapping.py", line 105, in __call__
    self._metadata_plugin(
  File "/Users/Gabriel/DataHub/rag_app_cofares/Web_Cofares/.venv/lib/python3.11/site-packages/google/auth/transport/grpc.py", line 95, in __call__
    callback(self._get_authorization_headers(context), None)
             ^^^^^^^^^^^^^^^^^^^^^^^^^^^^^^^^^^^^^^^^
  File "/Users/Gabriel/DataHub/rag_app_cofares/Web_Cofares/.venv/lib/python3.11/site-packages/google/auth/transport/grpc.py", line 81, in _get_authorization_headers
    self._credentials.before_request(
  File "/Users/Gabriel/DataHub/rag_app_cofares/Web_Cofares/.venv/lib/python3.11/site-packages/google/auth/credentials.py", line 239, in before_request
    self._blocking_refresh(request)
  File "/Users/Gabriel/DataHub/rag_app_cofares/Web_Cofares/.venv/lib/python3.11/site-packages/google/auth/credentials.py", line 202, in _blocking_refresh
    self.refresh(request)
  File "/Users/Gabriel/DataHub/rag_app_cofares/Web_Cofares/.venv/lib/python3.11/site-packages/google/oauth2/credentials.py", line 409, in refresh
    ) = reauth.refresh_grant(
        ^^^^^^^^^^^^^^^^^^^^^
  File "/Users/Gabriel/DataHub/rag_app_cofares/Web_Cofares/.venv/lib/python3.11/site-packages/google/oauth2/reauth.py", line 349, in refresh_grant
    raise exceptions.RefreshError(
google.auth.exceptions.RefreshError: Reauthentication is needed. Please run `gcloud auth application-default login` to reauthenticate.
2024-11-04 13:04:53,379 - ERROR - AuthMetadataPluginCallback "<google.auth.transport.grpc.AuthMetadataPlugin object at 0x11d1d9d10>" raised exception!
Traceback (most recent call last):
  File "/Users/Gabriel/DataHub/rag_app_cofares/Web_Cofares/.venv/lib/python3.11/site-packages/grpc/_plugin_wrapping.py", line 105, in __call__
    self._metadata_plugin(
  File "/Users/Gabriel/DataHub/rag_app_cofares/Web_Cofares/.venv/lib/python3.11/site-packages/google/auth/transport/grpc.py", line 95, in __call__
    callback(self._get_authorization_headers(context), None)
             ^^^^^^^^^^^^^^^^^^^^^^^^^^^^^^^^^^^^^^^^
  File "/Users/Gabriel/DataHub/rag_app_cofares/Web_Cofares/.venv/lib/python3.11/site-packages/google/auth/transport/grpc.py", line 81, in _get_authorization_headers
    self._credentials.before_request(
  File "/Users/Gabriel/DataHub/rag_app_cofares/Web_Cofares/.venv/lib/python3.11/site-packages/google/auth/credentials.py", line 239, in before_request
    self._blocking_refresh(request)
  File "/Users/Gabriel/DataHub/rag_app_cofares/Web_Cofares/.venv/lib/python3.11/site-packages/google/auth/credentials.py", line 202, in _blocking_refresh
    self.refresh(request)
  File "/Users/Gabriel/DataHub/rag_app_cofares/Web_Cofares/.venv/lib/python3.11/site-packages/google/oauth2/credentials.py", line 409, in refresh
    ) = reauth.refresh_grant(
        ^^^^^^^^^^^^^^^^^^^^^
  File "/Users/Gabriel/DataHub/rag_app_cofares/Web_Cofares/.venv/lib/python3.11/site-packages/google/oauth2/reauth.py", line 349, in refresh_grant
    raise exceptions.RefreshError(
google.auth.exceptions.RefreshError: Reauthentication is needed. Please run `gcloud auth application-default login` to reauthenticate.
2024-11-04 13:04:53,480 - ERROR - AuthMetadataPluginCallback "<google.auth.transport.grpc.AuthMetadataPlugin object at 0x11d1d9d10>" raised exception!
Traceback (most recent call last):
  File "/Users/Gabriel/DataHub/rag_app_cofares/Web_Cofares/.venv/lib/python3.11/site-packages/grpc/_plugin_wrapping.py", line 105, in __call__
    self._metadata_plugin(
  File "/Users/Gabriel/DataHub/rag_app_cofares/Web_Cofares/.venv/lib/python3.11/site-packages/google/auth/transport/grpc.py", line 95, in __call__
    callback(self._get_authorization_headers(context), None)
             ^^^^^^^^^^^^^^^^^^^^^^^^^^^^^^^^^^^^^^^^
  File "/Users/Gabriel/DataHub/rag_app_cofares/Web_Cofares/.venv/lib/python3.11/site-packages/google/auth/transport/grpc.py", line 81, in _get_authorization_headers
    self._credentials.before_request(
  File "/Users/Gabriel/DataHub/rag_app_cofares/Web_Cofares/.venv/lib/python3.11/site-packages/google/auth/credentials.py", line 239, in before_request
    self._blocking_refresh(request)
  File "/Users/Gabriel/DataHub/rag_app_cofares/Web_Cofares/.venv/lib/python3.11/site-packages/google/auth/credentials.py", line 202, in _blocking_refresh
    self.refresh(request)
  File "/Users/Gabriel/DataHub/rag_app_cofares/Web_Cofares/.venv/lib/python3.11/site-packages/google/oauth2/credentials.py", line 409, in refresh
    ) = reauth.refresh_grant(
        ^^^^^^^^^^^^^^^^^^^^^
  File "/Users/Gabriel/DataHub/rag_app_cofares/Web_Cofares/.venv/lib/python3.11/site-packages/google/oauth2/reauth.py", line 349, in refresh_grant
    raise exceptions.RefreshError(
google.auth.exceptions.RefreshError: Reauthentication is needed. Please run `gcloud auth application-default login` to reauthenticate.
2024-11-04 13:04:54,674 - ERROR - AuthMetadataPluginCallback "<google.auth.transport.grpc.AuthMetadataPlugin object at 0x11d1d9d10>" raised exception!
Traceback (most recent call last):
  File "/Users/Gabriel/DataHub/rag_app_cofares/Web_Cofares/.venv/lib/python3.11/site-packages/grpc/_plugin_wrapping.py", line 105, in __call__
    self._metadata_plugin(
  File "/Users/Gabriel/DataHub/rag_app_cofares/Web_Cofares/.venv/lib/python3.11/site-packages/google/auth/transport/grpc.py", line 95, in __call__
    callback(self._get_authorization_headers(context), None)
             ^^^^^^^^^^^^^^^^^^^^^^^^^^^^^^^^^^^^^^^^
  File "/Users/Gabriel/DataHub/rag_app_cofares/Web_Cofares/.venv/lib/python3.11/site-packages/google/auth/transport/grpc.py", line 81, in _get_authorization_headers
    self._credentials.before_request(
  File "/Users/Gabriel/DataHub/rag_app_cofares/Web_Cofares/.venv/lib/python3.11/site-packages/google/auth/credentials.py", line 239, in before_request
    self._blocking_refresh(request)
  File "/Users/Gabriel/DataHub/rag_app_cofares/Web_Cofares/.venv/lib/python3.11/site-packages/google/auth/credentials.py", line 202, in _blocking_refresh
    self.refresh(request)
  File "/Users/Gabriel/DataHub/rag_app_cofares/Web_Cofares/.venv/lib/python3.11/site-packages/google/oauth2/credentials.py", line 409, in refresh
    ) = reauth.refresh_grant(
        ^^^^^^^^^^^^^^^^^^^^^
  File "/Users/Gabriel/DataHub/rag_app_cofares/Web_Cofares/.venv/lib/python3.11/site-packages/google/oauth2/reauth.py", line 349, in refresh_grant
    raise exceptions.RefreshError(
google.auth.exceptions.RefreshError: Reauthentication is needed. Please run `gcloud auth application-default login` to reauthenticate.
2024-11-04 13:04:56,080 - ERROR - AuthMetadataPluginCallback "<google.auth.transport.grpc.AuthMetadataPlugin object at 0x11d1d9d10>" raised exception!
Traceback (most recent call last):
  File "/Users/Gabriel/DataHub/rag_app_cofares/Web_Cofares/.venv/lib/python3.11/site-packages/grpc/_plugin_wrapping.py", line 105, in __call__
    self._metadata_plugin(
  File "/Users/Gabriel/DataHub/rag_app_cofares/Web_Cofares/.venv/lib/python3.11/site-packages/google/auth/transport/grpc.py", line 95, in __call__
    callback(self._get_authorization_headers(context), None)
             ^^^^^^^^^^^^^^^^^^^^^^^^^^^^^^^^^^^^^^^^
  File "/Users/Gabriel/DataHub/rag_app_cofares/Web_Cofares/.venv/lib/python3.11/site-packages/google/auth/transport/grpc.py", line 81, in _get_authorization_headers
    self._credentials.before_request(
  File "/Users/Gabriel/DataHub/rag_app_cofares/Web_Cofares/.venv/lib/python3.11/site-packages/google/auth/credentials.py", line 239, in before_request
    self._blocking_refresh(request)
  File "/Users/Gabriel/DataHub/rag_app_cofares/Web_Cofares/.venv/lib/python3.11/site-packages/google/auth/credentials.py", line 202, in _blocking_refresh
    self.refresh(request)
  File "/Users/Gabriel/DataHub/rag_app_cofares/Web_Cofares/.venv/lib/python3.11/site-packages/google/oauth2/credentials.py", line 409, in refresh
    ) = reauth.refresh_grant(
        ^^^^^^^^^^^^^^^^^^^^^
  File "/Users/Gabriel/DataHub/rag_app_cofares/Web_Cofares/.venv/lib/python3.11/site-packages/google/oauth2/reauth.py", line 349, in refresh_grant
    raise exceptions.RefreshError(
google.auth.exceptions.RefreshError: Reauthentication is needed. Please run `gcloud auth application-default login` to reauthenticate.
2024-11-04 13:04:57,373 - ERROR - AuthMetadataPluginCallback "<google.auth.transport.grpc.AuthMetadataPlugin object at 0x11d1d9d10>" raised exception!
Traceback (most recent call last):
  File "/Users/Gabriel/DataHub/rag_app_cofares/Web_Cofares/.venv/lib/python3.11/site-packages/grpc/_plugin_wrapping.py", line 105, in __call__
    self._metadata_plugin(
  File "/Users/Gabriel/DataHub/rag_app_cofares/Web_Cofares/.venv/lib/python3.11/site-packages/google/auth/transport/grpc.py", line 95, in __call__
    callback(self._get_authorization_headers(context), None)
             ^^^^^^^^^^^^^^^^^^^^^^^^^^^^^^^^^^^^^^^^
  File "/Users/Gabriel/DataHub/rag_app_cofares/Web_Cofares/.venv/lib/python3.11/site-packages/google/auth/transport/grpc.py", line 81, in _get_authorization_headers
    self._credentials.before_request(
  File "/Users/Gabriel/DataHub/rag_app_cofares/Web_Cofares/.venv/lib/python3.11/site-packages/google/auth/credentials.py", line 239, in before_request
    self._blocking_refresh(request)
  File "/Users/Gabriel/DataHub/rag_app_cofares/Web_Cofares/.venv/lib/python3.11/site-packages/google/auth/credentials.py", line 202, in _blocking_refresh
    self.refresh(request)
  File "/Users/Gabriel/DataHub/rag_app_cofares/Web_Cofares/.venv/lib/python3.11/site-packages/google/oauth2/credentials.py", line 409, in refresh
    ) = reauth.refresh_grant(
        ^^^^^^^^^^^^^^^^^^^^^
  File "/Users/Gabriel/DataHub/rag_app_cofares/Web_Cofares/.venv/lib/python3.11/site-packages/google/oauth2/reauth.py", line 349, in refresh_grant
    raise exceptions.RefreshError(
google.auth.exceptions.RefreshError: Reauthentication is needed. Please run `gcloud auth application-default login` to reauthenticate.
2024-11-04 13:04:59,055 - ERROR - AuthMetadataPluginCallback "<google.auth.transport.grpc.AuthMetadataPlugin object at 0x11d1d9d10>" raised exception!
Traceback (most recent call last):
  File "/Users/Gabriel/DataHub/rag_app_cofares/Web_Cofares/.venv/lib/python3.11/site-packages/grpc/_plugin_wrapping.py", line 105, in __call__
    self._metadata_plugin(
  File "/Users/Gabriel/DataHub/rag_app_cofares/Web_Cofares/.venv/lib/python3.11/site-packages/google/auth/transport/grpc.py", line 95, in __call__
    callback(self._get_authorization_headers(context), None)
             ^^^^^^^^^^^^^^^^^^^^^^^^^^^^^^^^^^^^^^^^
  File "/Users/Gabriel/DataHub/rag_app_cofares/Web_Cofares/.venv/lib/python3.11/site-packages/google/auth/transport/grpc.py", line 81, in _get_authorization_headers
    self._credentials.before_request(
  File "/Users/Gabriel/DataHub/rag_app_cofares/Web_Cofares/.venv/lib/python3.11/site-packages/google/auth/credentials.py", line 239, in before_request
    self._blocking_refresh(request)
  File "/Users/Gabriel/DataHub/rag_app_cofares/Web_Cofares/.venv/lib/python3.11/site-packages/google/auth/credentials.py", line 202, in _blocking_refresh
    self.refresh(request)
  File "/Users/Gabriel/DataHub/rag_app_cofares/Web_Cofares/.venv/lib/python3.11/site-packages/google/oauth2/credentials.py", line 409, in refresh
    ) = reauth.refresh_grant(
        ^^^^^^^^^^^^^^^^^^^^^
  File "/Users/Gabriel/DataHub/rag_app_cofares/Web_Cofares/.venv/lib/python3.11/site-packages/google/oauth2/reauth.py", line 349, in refresh_grant
    raise exceptions.RefreshError(
google.auth.exceptions.RefreshError: Reauthentication is needed. Please run `gcloud auth application-default login` to reauthenticate.
2024-11-04 13:05:00,881 - ERROR - AuthMetadataPluginCallback "<google.auth.transport.grpc.AuthMetadataPlugin object at 0x11d1d9d10>" raised exception!
Traceback (most recent call last):
  File "/Users/Gabriel/DataHub/rag_app_cofares/Web_Cofares/.venv/lib/python3.11/site-packages/grpc/_plugin_wrapping.py", line 105, in __call__
    self._metadata_plugin(
  File "/Users/Gabriel/DataHub/rag_app_cofares/Web_Cofares/.venv/lib/python3.11/site-packages/google/auth/transport/grpc.py", line 95, in __call__
    callback(self._get_authorization_headers(context), None)
             ^^^^^^^^^^^^^^^^^^^^^^^^^^^^^^^^^^^^^^^^
  File "/Users/Gabriel/DataHub/rag_app_cofares/Web_Cofares/.venv/lib/python3.11/site-packages/google/auth/transport/grpc.py", line 81, in _get_authorization_headers
    self._credentials.before_request(
  File "/Users/Gabriel/DataHub/rag_app_cofares/Web_Cofares/.venv/lib/python3.11/site-packages/google/auth/credentials.py", line 239, in before_request
    self._blocking_refresh(request)
  File "/Users/Gabriel/DataHub/rag_app_cofares/Web_Cofares/.venv/lib/python3.11/site-packages/google/auth/credentials.py", line 202, in _blocking_refresh
    self.refresh(request)
  File "/Users/Gabriel/DataHub/rag_app_cofares/Web_Cofares/.venv/lib/python3.11/site-packages/google/oauth2/credentials.py", line 409, in refresh
    ) = reauth.refresh_grant(
        ^^^^^^^^^^^^^^^^^^^^^
  File "/Users/Gabriel/DataHub/rag_app_cofares/Web_Cofares/.venv/lib/python3.11/site-packages/google/oauth2/reauth.py", line 349, in refresh_grant
    raise exceptions.RefreshError(
google.auth.exceptions.RefreshError: Reauthentication is needed. Please run `gcloud auth application-default login` to reauthenticate.
2024-11-04 13:05:03,140 - ERROR - AuthMetadataPluginCallback "<google.auth.transport.grpc.AuthMetadataPlugin object at 0x11d1d9d10>" raised exception!
Traceback (most recent call last):
  File "/Users/Gabriel/DataHub/rag_app_cofares/Web_Cofares/.venv/lib/python3.11/site-packages/grpc/_plugin_wrapping.py", line 105, in __call__
    self._metadata_plugin(
  File "/Users/Gabriel/DataHub/rag_app_cofares/Web_Cofares/.venv/lib/python3.11/site-packages/google/auth/transport/grpc.py", line 95, in __call__
    callback(self._get_authorization_headers(context), None)
             ^^^^^^^^^^^^^^^^^^^^^^^^^^^^^^^^^^^^^^^^
  File "/Users/Gabriel/DataHub/rag_app_cofares/Web_Cofares/.venv/lib/python3.11/site-packages/google/auth/transport/grpc.py", line 81, in _get_authorization_headers
    self._credentials.before_request(
  File "/Users/Gabriel/DataHub/rag_app_cofares/Web_Cofares/.venv/lib/python3.11/site-packages/google/auth/credentials.py", line 239, in before_request
    self._blocking_refresh(request)
  File "/Users/Gabriel/DataHub/rag_app_cofares/Web_Cofares/.venv/lib/python3.11/site-packages/google/auth/credentials.py", line 202, in _blocking_refresh
    self.refresh(request)
  File "/Users/Gabriel/DataHub/rag_app_cofares/Web_Cofares/.venv/lib/python3.11/site-packages/google/oauth2/credentials.py", line 409, in refresh
    ) = reauth.refresh_grant(
        ^^^^^^^^^^^^^^^^^^^^^
  File "/Users/Gabriel/DataHub/rag_app_cofares/Web_Cofares/.venv/lib/python3.11/site-packages/google/oauth2/reauth.py", line 349, in refresh_grant
    raise exceptions.RefreshError(
google.auth.exceptions.RefreshError: Reauthentication is needed. Please run `gcloud auth application-default login` to reauthenticate.
2024-11-04 13:05:06,764 - ERROR - AuthMetadataPluginCallback "<google.auth.transport.grpc.AuthMetadataPlugin object at 0x11d1d9d10>" raised exception!
Traceback (most recent call last):
  File "/Users/Gabriel/DataHub/rag_app_cofares/Web_Cofares/.venv/lib/python3.11/site-packages/grpc/_plugin_wrapping.py", line 105, in __call__
    self._metadata_plugin(
  File "/Users/Gabriel/DataHub/rag_app_cofares/Web_Cofares/.venv/lib/python3.11/site-packages/google/auth/transport/grpc.py", line 95, in __call__
    callback(self._get_authorization_headers(context), None)
             ^^^^^^^^^^^^^^^^^^^^^^^^^^^^^^^^^^^^^^^^
  File "/Users/Gabriel/DataHub/rag_app_cofares/Web_Cofares/.venv/lib/python3.11/site-packages/google/auth/transport/grpc.py", line 81, in _get_authorization_headers
    self._credentials.before_request(
  File "/Users/Gabriel/DataHub/rag_app_cofares/Web_Cofares/.venv/lib/python3.11/site-packages/google/auth/credentials.py", line 239, in before_request
    self._blocking_refresh(request)
  File "/Users/Gabriel/DataHub/rag_app_cofares/Web_Cofares/.venv/lib/python3.11/site-packages/google/auth/credentials.py", line 202, in _blocking_refresh
    self.refresh(request)
  File "/Users/Gabriel/DataHub/rag_app_cofares/Web_Cofares/.venv/lib/python3.11/site-packages/google/oauth2/credentials.py", line 409, in refresh
    ) = reauth.refresh_grant(
        ^^^^^^^^^^^^^^^^^^^^^
  File "/Users/Gabriel/DataHub/rag_app_cofares/Web_Cofares/.venv/lib/python3.11/site-packages/google/oauth2/reauth.py", line 349, in refresh_grant
    raise exceptions.RefreshError(
google.auth.exceptions.RefreshError: Reauthentication is needed. Please run `gcloud auth application-default login` to reauthenticate.
2024-11-04 13:05:10,785 - ERROR - AuthMetadataPluginCallback "<google.auth.transport.grpc.AuthMetadataPlugin object at 0x11d1d9d10>" raised exception!
Traceback (most recent call last):
  File "/Users/Gabriel/DataHub/rag_app_cofares/Web_Cofares/.venv/lib/python3.11/site-packages/grpc/_plugin_wrapping.py", line 105, in __call__
    self._metadata_plugin(
  File "/Users/Gabriel/DataHub/rag_app_cofares/Web_Cofares/.venv/lib/python3.11/site-packages/google/auth/transport/grpc.py", line 95, in __call__
    callback(self._get_authorization_headers(context), None)
             ^^^^^^^^^^^^^^^^^^^^^^^^^^^^^^^^^^^^^^^^
  File "/Users/Gabriel/DataHub/rag_app_cofares/Web_Cofares/.venv/lib/python3.11/site-packages/google/auth/transport/grpc.py", line 81, in _get_authorization_headers
    self._credentials.before_request(
  File "/Users/Gabriel/DataHub/rag_app_cofares/Web_Cofares/.venv/lib/python3.11/site-packages/google/auth/credentials.py", line 239, in before_request
    self._blocking_refresh(request)
  File "/Users/Gabriel/DataHub/rag_app_cofares/Web_Cofares/.venv/lib/python3.11/site-packages/google/auth/credentials.py", line 202, in _blocking_refresh
    self.refresh(request)
  File "/Users/Gabriel/DataHub/rag_app_cofares/Web_Cofares/.venv/lib/python3.11/site-packages/google/oauth2/credentials.py", line 409, in refresh
    ) = reauth.refresh_grant(
        ^^^^^^^^^^^^^^^^^^^^^
  File "/Users/Gabriel/DataHub/rag_app_cofares/Web_Cofares/.venv/lib/python3.11/site-packages/google/oauth2/reauth.py", line 349, in refresh_grant
    raise exceptions.RefreshError(
google.auth.exceptions.RefreshError: Reauthentication is needed. Please run `gcloud auth application-default login` to reauthenticate.
2024-11-04 13:05:14,776 - ERROR - AuthMetadataPluginCallback "<google.auth.transport.grpc.AuthMetadataPlugin object at 0x11d1d9d10>" raised exception!
Traceback (most recent call last):
  File "/Users/Gabriel/DataHub/rag_app_cofares/Web_Cofares/.venv/lib/python3.11/site-packages/grpc/_plugin_wrapping.py", line 105, in __call__
    self._metadata_plugin(
  File "/Users/Gabriel/DataHub/rag_app_cofares/Web_Cofares/.venv/lib/python3.11/site-packages/google/auth/transport/grpc.py", line 95, in __call__
    callback(self._get_authorization_headers(context), None)
             ^^^^^^^^^^^^^^^^^^^^^^^^^^^^^^^^^^^^^^^^
  File "/Users/Gabriel/DataHub/rag_app_cofares/Web_Cofares/.venv/lib/python3.11/site-packages/google/auth/transport/grpc.py", line 81, in _get_authorization_headers
    self._credentials.before_request(
  File "/Users/Gabriel/DataHub/rag_app_cofares/Web_Cofares/.venv/lib/python3.11/site-packages/google/auth/credentials.py", line 239, in before_request
    self._blocking_refresh(request)
  File "/Users/Gabriel/DataHub/rag_app_cofares/Web_Cofares/.venv/lib/python3.11/site-packages/google/auth/credentials.py", line 202, in _blocking_refresh
    self.refresh(request)
  File "/Users/Gabriel/DataHub/rag_app_cofares/Web_Cofares/.venv/lib/python3.11/site-packages/google/oauth2/credentials.py", line 409, in refresh
    ) = reauth.refresh_grant(
        ^^^^^^^^^^^^^^^^^^^^^
  File "/Users/Gabriel/DataHub/rag_app_cofares/Web_Cofares/.venv/lib/python3.11/site-packages/google/oauth2/reauth.py", line 349, in refresh_grant
    raise exceptions.RefreshError(
google.auth.exceptions.RefreshError: Reauthentication is needed. Please run `gcloud auth application-default login` to reauthenticate.
2024-11-04 13:05:27,071 - ERROR - AuthMetadataPluginCallback "<google.auth.transport.grpc.AuthMetadataPlugin object at 0x11d1d9d10>" raised exception!
Traceback (most recent call last):
  File "/Users/Gabriel/DataHub/rag_app_cofares/Web_Cofares/.venv/lib/python3.11/site-packages/grpc/_plugin_wrapping.py", line 105, in __call__
    self._metadata_plugin(
  File "/Users/Gabriel/DataHub/rag_app_cofares/Web_Cofares/.venv/lib/python3.11/site-packages/google/auth/transport/grpc.py", line 95, in __call__
    callback(self._get_authorization_headers(context), None)
             ^^^^^^^^^^^^^^^^^^^^^^^^^^^^^^^^^^^^^^^^
  File "/Users/Gabriel/DataHub/rag_app_cofares/Web_Cofares/.venv/lib/python3.11/site-packages/google/auth/transport/grpc.py", line 81, in _get_authorization_headers
    self._credentials.before_request(
  File "/Users/Gabriel/DataHub/rag_app_cofares/Web_Cofares/.venv/lib/python3.11/site-packages/google/auth/credentials.py", line 239, in before_request
    self._blocking_refresh(request)
  File "/Users/Gabriel/DataHub/rag_app_cofares/Web_Cofares/.venv/lib/python3.11/site-packages/google/auth/credentials.py", line 202, in _blocking_refresh
    self.refresh(request)
  File "/Users/Gabriel/DataHub/rag_app_cofares/Web_Cofares/.venv/lib/python3.11/site-packages/google/oauth2/credentials.py", line 409, in refresh
    ) = reauth.refresh_grant(
        ^^^^^^^^^^^^^^^^^^^^^
  File "/Users/Gabriel/DataHub/rag_app_cofares/Web_Cofares/.venv/lib/python3.11/site-packages/google/oauth2/reauth.py", line 349, in refresh_grant
    raise exceptions.RefreshError(
google.auth.exceptions.RefreshError: Reauthentication is needed. Please run `gcloud auth application-default login` to reauthenticate.
2024-11-04 13:05:33,605 - ERROR - AuthMetadataPluginCallback "<google.auth.transport.grpc.AuthMetadataPlugin object at 0x11d1d9d10>" raised exception!
Traceback (most recent call last):
  File "/Users/Gabriel/DataHub/rag_app_cofares/Web_Cofares/.venv/lib/python3.11/site-packages/grpc/_plugin_wrapping.py", line 105, in __call__
    self._metadata_plugin(
  File "/Users/Gabriel/DataHub/rag_app_cofares/Web_Cofares/.venv/lib/python3.11/site-packages/google/auth/transport/grpc.py", line 95, in __call__
    callback(self._get_authorization_headers(context), None)
             ^^^^^^^^^^^^^^^^^^^^^^^^^^^^^^^^^^^^^^^^
  File "/Users/Gabriel/DataHub/rag_app_cofares/Web_Cofares/.venv/lib/python3.11/site-packages/google/auth/transport/grpc.py", line 81, in _get_authorization_headers
    self._credentials.before_request(
  File "/Users/Gabriel/DataHub/rag_app_cofares/Web_Cofares/.venv/lib/python3.11/site-packages/google/auth/credentials.py", line 239, in before_request
    self._blocking_refresh(request)
  File "/Users/Gabriel/DataHub/rag_app_cofares/Web_Cofares/.venv/lib/python3.11/site-packages/google/auth/credentials.py", line 202, in _blocking_refresh
    self.refresh(request)
  File "/Users/Gabriel/DataHub/rag_app_cofares/Web_Cofares/.venv/lib/python3.11/site-packages/google/oauth2/credentials.py", line 409, in refresh
    ) = reauth.refresh_grant(
        ^^^^^^^^^^^^^^^^^^^^^
  File "/Users/Gabriel/DataHub/rag_app_cofares/Web_Cofares/.venv/lib/python3.11/site-packages/google/oauth2/reauth.py", line 349, in refresh_grant
    raise exceptions.RefreshError(
google.auth.exceptions.RefreshError: Reauthentication is needed. Please run `gcloud auth application-default login` to reauthenticate.
2024-11-04 13:05:38,907 - ERROR - AuthMetadataPluginCallback "<google.auth.transport.grpc.AuthMetadataPlugin object at 0x11d1d9d10>" raised exception!
Traceback (most recent call last):
  File "/Users/Gabriel/DataHub/rag_app_cofares/Web_Cofares/.venv/lib/python3.11/site-packages/grpc/_plugin_wrapping.py", line 105, in __call__
    self._metadata_plugin(
  File "/Users/Gabriel/DataHub/rag_app_cofares/Web_Cofares/.venv/lib/python3.11/site-packages/google/auth/transport/grpc.py", line 95, in __call__
    callback(self._get_authorization_headers(context), None)
             ^^^^^^^^^^^^^^^^^^^^^^^^^^^^^^^^^^^^^^^^
  File "/Users/Gabriel/DataHub/rag_app_cofares/Web_Cofares/.venv/lib/python3.11/site-packages/google/auth/transport/grpc.py", line 81, in _get_authorization_headers
    self._credentials.before_request(
  File "/Users/Gabriel/DataHub/rag_app_cofares/Web_Cofares/.venv/lib/python3.11/site-packages/google/auth/credentials.py", line 239, in before_request
    self._blocking_refresh(request)
  File "/Users/Gabriel/DataHub/rag_app_cofares/Web_Cofares/.venv/lib/python3.11/site-packages/google/auth/credentials.py", line 202, in _blocking_refresh
    self.refresh(request)
  File "/Users/Gabriel/DataHub/rag_app_cofares/Web_Cofares/.venv/lib/python3.11/site-packages/google/oauth2/credentials.py", line 409, in refresh
    ) = reauth.refresh_grant(
        ^^^^^^^^^^^^^^^^^^^^^
  File "/Users/Gabriel/DataHub/rag_app_cofares/Web_Cofares/.venv/lib/python3.11/site-packages/google/oauth2/reauth.py", line 349, in refresh_grant
    raise exceptions.RefreshError(
google.auth.exceptions.RefreshError: Reauthentication is needed. Please run `gcloud auth application-default login` to reauthenticate.
2024-11-04 13:05:38,910 - WARNING - Failed to convert project number to project ID.
Traceback (most recent call last):
  File "/Users/Gabriel/DataHub/rag_app_cofares/Web_Cofares/.venv/lib/python3.11/site-packages/google/api_core/grpc_helpers.py", line 76, in error_remapped_callable
    return callable_(*args, **kwargs)
           ^^^^^^^^^^^^^^^^^^^^^^^^^^
  File "/Users/Gabriel/DataHub/rag_app_cofares/Web_Cofares/.venv/lib/python3.11/site-packages/grpc/_channel.py", line 1181, in __call__
    return _end_unary_response_blocking(state, call, False, None)
           ^^^^^^^^^^^^^^^^^^^^^^^^^^^^^^^^^^^^^^^^^^^^^^^^^^^^^^
  File "/Users/Gabriel/DataHub/rag_app_cofares/Web_Cofares/.venv/lib/python3.11/site-packages/grpc/_channel.py", line 1006, in _end_unary_response_blocking
    raise _InactiveRpcError(state)  # pytype: disable=not-instantiable
    ^^^^^^^^^^^^^^^^^^^^^^^^^^^^^^
grpc._channel._InactiveRpcError: <_InactiveRpcError of RPC that terminated with:
	status = StatusCode.UNAVAILABLE
	details = "Getting metadata from plugin failed with error: Reauthentication is needed. Please run `gcloud auth application-default login` to reauthenticate."
	debug_error_string = "UNKNOWN:Error received from peer  {grpc_message:"Getting metadata from plugin failed with error: Reauthentication is needed. Please run `gcloud auth application-default login` to reauthenticate.", grpc_status:14, created_time:"2024-11-04T13:05:38.909483+01:00"}"
>

The above exception was the direct cause of the following exception:

Traceback (most recent call last):
  File "/Users/Gabriel/DataHub/rag_app_cofares/Web_Cofares/.venv/lib/python3.11/site-packages/google/api_core/retry/retry_unary.py", line 144, in retry_target
    result = target()
             ^^^^^^^^
  File "/Users/Gabriel/DataHub/rag_app_cofares/Web_Cofares/.venv/lib/python3.11/site-packages/google/api_core/timeout.py", line 120, in func_with_timeout
    return func(*args, **kwargs)
           ^^^^^^^^^^^^^^^^^^^^^
  File "/Users/Gabriel/DataHub/rag_app_cofares/Web_Cofares/.venv/lib/python3.11/site-packages/google/api_core/grpc_helpers.py", line 78, in error_remapped_callable
    raise exceptions.from_grpc_error(exc) from exc
google.api_core.exceptions.ServiceUnavailable: 503 Getting metadata from plugin failed with error: Reauthentication is needed. Please run `gcloud auth application-default login` to reauthenticate.

The above exception was the direct cause of the following exception:

Traceback (most recent call last):
  File "/Users/Gabriel/DataHub/rag_app_cofares/Web_Cofares/.venv/lib/python3.11/site-packages/google/cloud/aiplatform/initializer.py", line 101, in _set_project_as_env_var_or_google_auth_default
    project_id = resource_manager_utils.get_project_id(
                 ^^^^^^^^^^^^^^^^^^^^^^^^^^^^^^^^^^^^^^
  File "/Users/Gabriel/DataHub/rag_app_cofares/Web_Cofares/.venv/lib/python3.11/site-packages/google/cloud/aiplatform/utils/resource_manager_utils.py", line 48, in get_project_id
    project = projects_client.get_project(name=f"projects/{project_number}")
              ^^^^^^^^^^^^^^^^^^^^^^^^^^^^^^^^^^^^^^^^^^^^^^^^^^^^^^^^^^^^^^
  File "/Users/Gabriel/DataHub/rag_app_cofares/Web_Cofares/.venv/lib/python3.11/site-packages/google/cloud/resourcemanager_v3/services/projects/client.py", line 776, in get_project
    response = rpc(
               ^^^^
  File "/Users/Gabriel/DataHub/rag_app_cofares/Web_Cofares/.venv/lib/python3.11/site-packages/google/api_core/gapic_v1/method.py", line 131, in __call__
    return wrapped_func(*args, **kwargs)
           ^^^^^^^^^^^^^^^^^^^^^^^^^^^^^
  File "/Users/Gabriel/DataHub/rag_app_cofares/Web_Cofares/.venv/lib/python3.11/site-packages/google/api_core/retry/retry_unary.py", line 293, in retry_wrapped_func
    return retry_target(
           ^^^^^^^^^^^^^
  File "/Users/Gabriel/DataHub/rag_app_cofares/Web_Cofares/.venv/lib/python3.11/site-packages/google/api_core/retry/retry_unary.py", line 153, in retry_target
    _retry_error_helper(
  File "/Users/Gabriel/DataHub/rag_app_cofares/Web_Cofares/.venv/lib/python3.11/site-packages/google/api_core/retry/retry_base.py", line 221, in _retry_error_helper
    raise final_exc from source_exc
google.api_core.exceptions.RetryError: Timeout of 60.0s exceeded, last exception: 503 Getting metadata from plugin failed with error: Reauthentication is needed. Please run `gcloud auth application-default login` to reauthenticate.
2024-11-04 13:11:51,926 - INFO - [31m[1mWARNING: This is a development server. Do not use it in a production deployment. Use a production WSGI server instead.[0m
 * Running on http://127.0.0.1:5000
2024-11-04 13:11:51,927 - INFO - [33mPress CTRL+C to quit[0m
2024-11-04 13:12:08,356 - INFO - [31m[1mWARNING: This is a development server. Do not use it in a production deployment. Use a production WSGI server instead.[0m
 * Running on http://127.0.0.1:5000
2024-11-04 13:12:08,357 - INFO - [33mPress CTRL+C to quit[0m
2024-11-04 13:12:08,359 - INFO -  * Restarting with stat
2024-11-04 13:12:11,889 - WARNING -  * Debugger is active!
2024-11-04 13:12:11,914 - INFO -  * Debugger PIN: 880-281-726
2024-11-04 15:23:40,631 - INFO - [31m[1mWARNING: This is a development server. Do not use it in a production deployment. Use a production WSGI server instead.[0m
 * Running on http://127.0.0.1:5000
2024-11-04 15:23:40,631 - INFO - [33mPress CTRL+C to quit[0m
2024-11-04 15:23:40,633 - INFO -  * Restarting with stat
2024-11-04 15:23:47,133 - WARNING -  * Debugger is active!
2024-11-04 15:23:47,159 - INFO -  * Debugger PIN: 880-281-726
